Barcode,TSNE-1,TSNE-2
AAACGCTGTAATGCGG-1,-19.97850389878059,-15.20482820616502
AAAGAACTCATCGCAA-1,14.570529269255111,9.54782742947072
AAAGGATCACCTCTGT-1,-14.262143298867962,-9.714270555467085
AAAGGGCAGACGGTTG-1,19.45072238477306,-11.685222754292555
AAAGTCCAGTAAATGC-1,-21.908147245601974,-17.02562153747374
AACACACAGATGGTAT-1,-16.92831007451639,-12.528095847722682
AACCAACAGATAGGGA-1,10.190415315555892,16.819165261595828
AACCAACAGCCAAGCA-1,22.85429000986506,-15.02228945461755
AACCAACAGTTTCGGT-1,17.752090616973653,6.803310403507617
AACCAACTCCTGCTAC-1,17.033336215150236,5.390455598151449
AACGAAACACACAGCC-1,-29.721352938375603,-10.265941180366934
AACGGGACACGTCTCT-1,9.283315066358988,-18.646148645302656
AACGGGATCCTGATAG-1,9.687117433645247,9.595339609578929
AACGTCAGTAGGCAAC-1,20.219931963330424,-10.598691630238417
AACTTCTAGCGAATGC-1,-14.63117940369251,17.696437238320733
AAGACAAGTGTCCAAT-1,19.89948395815911,-10.69845244074566
AAGATAGAGCTGACAG-1,-9.671966961280667,-5.905779927378462
AAGATAGAGTTGGAGC-1,-12.271770532489983,-14.67585761982173
AAGCGAGGTTTACTTC-1,-8.146606478588135,-6.6128232136089835
AAGGTAACATCATGAC-1,20.793551562410954,-17.057118392312145
AAGTCGTCAATCCAGT-1,0.019689788452211397,21.34542252583486
AAGTGAAAGCCTCATA-1,-22.341505139934114,-5.702347588478662
AAGTGAATCGAGTACT-1,25.026052287993277,-14.797571924231937
AATCGTGCATCTCCCA-1,17.654103685101727,5.4006246496966615
AATGGAAGTATTCTCT-1,14.911741165529172,5.675669838191669
AATGGAAGTGGTCTGC-1,-0.4564776263666505,22.70986053927015
AATGGAATCCAACTGA-1,-18.09467334768208,-2.3488606254670037
ACAGAAACACGTGTGC-1,-24.401862338261605,-8.880777134785323
ACAGAAATCATTGCCC-1,20.608537508326425,-15.930728101892411
ACAGCCGGTTCAACGT-1,-20.255628334752934,-13.858142504333435
ACATCCCTCGCCAACG-1,-13.628619638302064,-10.589823332148864
ACATCGAGTGTATTCG-1,-7.0689156539309925,-7.075010168204975
ACATTTCCAGCCGTTG-1,19.026216672371994,-6.824605388361152
ACCACAAAGGGCCCTT-1,-24.787292745942178,-15.759796833764318
ACCATTTGTAGCACAG-1,18.15940361464395,-18.914203810375867
ACCATTTGTGCGAGTA-1,-29.57073676914013,-11.604352203511798
ACCTGAAGTGCCAAGA-1,-23.815728646160217,-12.318938878839786
ACCTGTCCAGTAGAAT-1,17.567983221125772,-5.80867934869454
ACGATCATCATCGGGC-1,-32.70734992014986,-11.647000288522475
ACGATGTCAACGATTC-1,6.228098492930179,-15.822392156963074
ACGGGTCTCTGGGAGA-1,-9.255923327444783,-7.324732757690282
ACGGTCGTCGAGTGGA-1,-30.607770453977675,-10.957225360699189
ACTATGGCACTTTATC-1,19.08448958754437,-9.61250574868429
ACTGATGTCGTGCGAC-1,-0.13353667587199045,20.875891998949836
ACTGTCCAGCCGATAG-1,7.480829925616651,-0.15342353069984352
ACTTAGGAGGTTCATC-1,-28.474539122899223,-8.671754683850345
ACTTTCAAGTTTCTTC-1,18.66701849446365,-18.177607165714335
AGAACAACAATACCTG-1,-27.206018847849794,-6.111066322443632
AGAACAAGTGTTGAGG-1,-20.393037303258495,-16.899777450968752
AGAAGTAAGTCGAGGT-1,-5.594265202997118,-11.963203958098244
AGAAGTACATTGACCA-1,-21.92149082390717,-2.9316760706671814
AGACAAAGTTATGTCG-1,-9.909185509567347,6.067266712323039
AGACACTAGGGCTTCC-1,-7.736942963006313,-13.390767354639198
AGACACTCAGTGGGTA-1,17.242417094602335,5.8451043764446
AGACAGGGTTTACACG-1,6.742369466672529,-11.777578059480863
AGACAGGTCATCGCTC-1,1.8891744804551542,2.6575524601361082
AGACCATTCAAAGGTA-1,-15.693103277232394,7.404403335957776
AGAGAATAGGGTCTTT-1,8.460914647767677,-21.05938335358676
AGAGAATGTCGTTTCC-1,16.92005222895398,3.227449149241209
AGAGAATTCTTGCAGA-1,8.569368405262809,-0.2924886347709876
AGAGCCCCACCGGTCA-1,-27.955722913144132,-16.91387075185033
AGATAGACAGAACTTC-1,-25.243808935499533,-15.647225463939192
AGATGCTAGATTACCC-1,-23.654506652870953,-6.33019915035107
AGCCAGCGTAGGCAGT-1,-32.931337656072124,-10.813018932317204
AGGACGATCAAACCCA-1,19.10718109939744,-17.82986671822441
AGGACTTAGGTTCCGC-1,8.882766114660981,-7.8763054458656105
AGGATAACATGCCGCA-1,-28.708289795132742,-9.641500852794243
AGGATAAGTTCCACAA-1,26.41130129352808,-12.88636572905509
AGGCATTCAAAGGCAC-1,7.162988236682968,19.399656770297863
AGGGCCTCATGGCTGC-1,-29.10327129496199,-9.875444979152432
AGGGCCTTCGGTGCAC-1,-25.54696830652098,-12.750992765769691
AGGTCTACAAGAGGTC-1,1.278049673384637,20.579685985586103
AGGTGTTAGCACGGAT-1,9.124272633183548,0.3524938565265852
AGGTGTTAGGGAGTGG-1,10.323025551526797,-20.790866228929364
AGGTTACGTCATCGGC-1,11.658871873653512,9.449615270756162
AGTACTGAGTAAGACT-1,22.210817995307877,-14.875503833174701
AGTCACATCACTGGTA-1,3.113254452549717,-9.21740747170688
AGTCATGGTGAGTTGG-1,2.0924680037480163,22.787340076299163
AGTGACTGTAGATCGG-1,-14.19742566250201,-11.616958827266856
AGTGATCTCGGAGTAG-1,5.2777225067667075,7.0902945687419106
AGTGCCGCATTCTTCA-1,0.4630286929706256,21.298318283849625
AGTGCCGTCGTAACCA-1,-1.7814346712017903,-4.487080852268762
AGTGTTGAGGCCACCT-1,10.10531406571779,17.667255555491327
AGTTAGCAGAGTACCG-1,20.383520591568494,-15.543049729387487
AGTTAGCAGGCCTTGC-1,5.930706515882723,-6.659140952051755
AGTTCCCAGGAACGCT-1,15.27374507800875,11.101733866076914
ATACCTTGTGTCCAAT-1,-20.606086782216146,-14.441010949661646
ATACTTCTCGAAGAAT-1,4.1392931233541095,-10.177127862194554
ATATCCTTCACTGTTT-1,21.27763492303652,-16.232803482398
ATCATTCGTGGCAACA-1,11.732464856945317,-20.928861461582034
ATCCATTGTATCGTTG-1,-18.408180227756596,-5.921089563617596
ATCCGTCCAGTCACGC-1,-18.59613575766124,-17.211319032847708
ATCCTATGTAAGTTAG-1,19.106780034398792,-18.820938806313045
ATCGATGTCCAACTGA-1,-10.415022701078035,-11.402148013881156
ATCGGATCATAACTCG-1,18.697700252962218,-14.460547655596185
ATCGTAGTCATCCTAT-1,-27.50231333547585,-15.430128861548615
ATCGTGATCCACCTGT-1,-32.50770210890934,-10.85031991321037
ATCTTCAGTAGATCCT-1,8.430963642876355,0.05177914507789863
ATGAAAGTCGGAAACG-1,-30.064936923746057,-12.018180099564747
ATGAGGGAGCGTATAA-1,4.032685741754519,-12.62033869555308
ATGAGTCAGCGCACAA-1,5.8906264208830565,-12.95473561771732
ATGAGTCCACCCTTGT-1,-24.668661628179915,-13.431871317561903
ATGATCGAGAGGTCAC-1,-19.811494770693205,-15.54225000198172
ATGATCGCAGCAGTAG-1,-7.12508615558294,-13.2162745632127
ATGCATGAGTCATAGA-1,-22.311260150939876,-16.22370966512925
ATGCGATCAACATCGT-1,-3.8068363506188847,-1.0420580285972416
ATGGATCAGAAACTCA-1,-15.907068195598738,-13.154703625681051
ATGGGAGAGAAATTCG-1,7.751645812154461,0.15481364868556233
ATGGGTTTCAGTCTTT-1,11.442608098457356,10.316516156894423
ATGGTTGAGAACAAGG-1,-2.675909057009181,-7.329678198669613
ATGGTTGGTCTCACAA-1,4.404907292121248,-9.30772562822652
ATTATCCTCGGAAACG-1,16.59980609663821,6.979240408756583
ATTCACTCATGAATCC-1,19.059167802327696,-14.39600495686542
ATTCTACTCGATGGAG-1,10.02790690959918,-18.723873091181993
ATTCTTGTCATTACGG-1,-22.392980879428485,-15.705800230879218
ATTTCACAGAGTGAAG-1,13.872708577133649,11.43394535371969
ATTTCTGTCATCTACT-1,-25.27598879262231,-13.911110262270764
CAACAACTCTGTACAG-1,17.42871993670153,-15.185399852689427
CAACAGTGTTTCCATT-1,9.825676356851076,17.195560368485072
CAACCAAAGGTAATCA-1,25.890614595227664,-14.872350081070557
CAACCTCAGTCCTGCG-1,8.848370085641958,0.2983568782079551
CAACGATCAAGTGGGT-1,25.627896356453903,-14.078322458492375
CAACGATGTCTACGAT-1,17.650225478242596,-19.30674592020081
CAACGGCCAGCTATAC-1,3.017141589903238,-7.96133212913528
CAAGAGGAGATAGGGA-1,-6.689835215316598,-10.924713502944677
CAAGAGGCATGACTTG-1,-26.029008184350364,-13.330947708469038
CAAGCTACAGAGGTTG-1,-21.041395383589794,-5.880240038739477
CAATACGTCCGTGTAA-1,8.238526541380999,8.872240276411251
CAATACGTCTGGGCAC-1,-14.81162608889024,-16.828704325365564
CAATCGAAGGTTATAG-1,-20.46999681951067,-9.513718592030548
CAATCGAGTAATACCC-1,-9.38473739856345,7.956441853849382
CAATTTCCATACCACA-1,-0.9601572697608232,21.22855186175611
CAATTTCTCATATGGC-1,20.379071160146072,-15.730324599390558
CACAACAAGGTGCAGT-1,-3.917195716627744,-1.4127772549702349
CACAACAGTCATAGTC-1,19.24805621493709,-18.70334897433483
CACACAAGTCTGTAAC-1,-22.82439747218648,-12.444402325750234
CACAGATGTGTTAAAG-1,25.9183686463639,1.1384220053833392
CACAGATGTTCCGCTT-1,10.968554928189638,-6.620806356961061
CACAGGCCAAAGTGTA-1,-14.135372769050996,-15.979091133055437
CACAGGCCAGAGGGTT-1,-4.976649939182659,-10.478285550124095
CACAGGCGTCCCTAAA-1,-11.713755218188254,-13.157626438273786
CACAGGCTCACTCTTA-1,11.207905843296182,10.226290310413736
CACATGATCCACAGGC-1,15.049787982312683,4.613257515867133
CACGAATAGCACACAG-1,9.46590253070085,-20.631041478392586
CACGGGTGTTGTGTAC-1,-13.738238811505841,-14.11995963334026
CACGGGTTCAGGCGAA-1,-28.25320388161007,-14.11638873842901
CACGTGGGTTACTCAG-1,11.454202498713821,9.979396707393176
CACTAAGGTCCAGTTA-1,4.330014214375998,-12.460352875434575
CACTGTCGTCCTGGGT-1,-20.155536177286905,-8.23724332042908
CACTTCGAGCGGTATG-1,24.580286320992517,-14.808772604024549
CACTTCGTCAAGCCTA-1,14.608688493391561,-9.370677630238976
CAGCACGGTCGAGTTT-1,19.476401413145307,-14.616476553168301
CAGCCAGGTACAGCGA-1,-27.62357363879736,-8.23151837874387
CAGCCAGGTTTAGACC-1,8.339807033284455,0.965051826153775
CAGGCCATCACAACCA-1,10.745042994075627,10.668855547296037
CAGGGCTAGCTTCATG-1,-25.471636408800368,-11.36695385057815
CAGGTATCAGCGGATA-1,5.107504221918009,6.8711401821656475
CAGGTATCATTAGGCT-1,7.1532954641392115,-15.475818135298551
CAGTTAGAGACATCCT-1,20.638594684745197,-17.988697264393405
CAGTTAGTCGTTCATT-1,20.358337329476786,-17.425728005168352
CATAAGCGTATTGGCT-1,-8.550670571563781,-13.856701806520926
CATACCCCAGTTTCGA-1,-2.1414308572973937,-5.704343014955193
CATACCCCATCCTGTC-1,1.5038521620400866,1.5651690082457634
CATACTTAGCTCTTCC-1,8.172325462839432,8.792902970880645
CATCAAGTCACGATCA-1,-5.119803235899364,-10.949001959189955
CATCGCTGTTCGGCGT-1,-21.007658526796803,-12.158958740287439
CATCGCTTCCGTTTCG-1,14.129945641398242,10.505018468739548
CATGAGTAGCCATATC-1,-3.2694631940935506,-8.193819433348846
CATGCCTCAAGCAGGT-1,8.372618797888205,8.975291162568015
CATGCCTCACACCGAC-1,-20.629565429402895,-13.513932035568766
CATGGTAAGCCTGGAA-1,4.904005320790602,-7.154083073092537
CATTCCGCAGAGCGTA-1,14.630791918516959,9.411623864661824
CATTCCGGTCTGCATA-1,-5.626034913581972,-10.275754675794829
CATTCTACACCAGCGT-1,9.198655561299825,0.9030014956510684
CCAAGCGTCGATACAC-1,-3.696390329478428,-0.6434964469523197
CCACAAATCTATCACT-1,-19.928522115709338,-11.21230796878058
CCACACTTCACACCCT-1,-25.578790086621737,-15.889108523705957
CCATCACGTCACTCTC-1,-14.08100357521726,-9.842310138622711
CCCTCAAAGTCTCGTA-1,8.257983273675892,8.78719167006914
CCCTGATCACACCTAA-1,-28.380291674107045,-11.529727999464402
CCCTTAGAGCGAGTCA-1,-14.823521188256711,-16.085175941652047
CCGAACGCAAATGCGG-1,-14.913873670863282,-16.595826466210525
CCGAACGTCTCTTCAA-1,-30.228435180614284,-10.663775737785741
CCGATCTGTCTACATG-1,-7.578555754222453,4.608846729589003
CCGATCTGTGCACGCT-1,-29.627599016040893,-7.064871569584045
CCGATGGGTCTGTGAT-1,20.78885455742223,-16.192588704110683
CCGCAAGAGTAGCTCT-1,-30.566972099726378,-9.44877050476615
CCGGACACAAGCGATG-1,17.564661483094962,-16.141186430766222
CCGGACACATAAGCGG-1,5.268210440546119,6.044530494872359
CCGGGTAGTTCGTGCG-1,12.493268339059032,-7.22457284252278
CCGGTAGCACTCCACT-1,-27.31323975802044,-7.820653177620377
CCGGTGACACGGCCAT-1,-9.631925481544805,-2.8541442050211354
CCGTGAGCACTCCCTA-1,19.118622836850083,-18.082072619548857
CCGTTCATCTTCCAGC-1,-19.758793877755455,-5.193371890547631
CCTCAACGTGTAGCAG-1,13.043925920923158,-6.577692869569456
CCTCACAGTATTGGCT-1,6.012313043687122,4.19735056606176
CCTCACAGTGGCTGAA-1,25.38172253036795,6.383989812405689
CCTCATGGTGGCAACA-1,14.300759715768647,6.169993343341923
CCTCCAAAGCCACCGT-1,19.3758757638814,-10.334305067671888
CCTCCAATCAAGTGTC-1,17.435524232198027,-10.737445838815884
CCTCCTCAGAGGGCGA-1,-19.43780313904922,-12.332186126777634
CCTCCTCCAGTTCCAA-1,-11.819906159778874,-13.343551107039126
CCTGCATCAATACGAA-1,-2.337080437643963,-6.158990547706069
CCTTGTGAGGTAGCAC-1,-7.712831483782792,-11.400657909252208
CCTTTGGGTCCTGGTG-1,-21.600507513291294,-4.207597950081833
CGAATTGTCAGTGTTG-1,20.595033774529107,-19.42333191826981
CGAGTGCGTCGAGCTC-1,22.705871530972146,-14.385916428072669
CGATCGGTCGAGATGG-1,-21.670908572700462,-11.630162915117973
CGATGCGAGTATTAGG-1,-9.93648664211166,-2.018168563336906
CGATGCGGTGAGTTGG-1,14.049976883987657,10.04470555723996
CGATGCGTCGCTACGG-1,-23.205931017320687,-14.436632515068057
CGCAGGTCACGGGCTT-1,-16.210892383867463,-10.330253676906878
CGCCATTAGTCTTCGA-1,16.226167450593277,-19.031444281056995
CGCCATTGTTCCCAAA-1,25.441462897719294,-14.282380450852383
CGCGTGAGTTTGTGGT-1,1.0528314773864642,22.032867251383347
CGGAACCAGGCCATAG-1,-24.093759909888437,-7.822515936034531
CGGAACCTCTGCGATA-1,-32.455139732733,-10.744113345373798
CGGACACGTAGCTGAG-1,-7.741569353197225,-8.98503634341052
CGGGACTAGATAACGT-1,-3.7202647896663574,-8.381801742849275
CGGGCATTCTAGTGTG-1,19.795759766146837,-16.501254259262932
CGGGTGTCATCTAGAC-1,-18.361697831925845,-11.364876165659119
CGTAAGTCATTAGGCT-1,4.678823157390305,-7.890911157055085
CGTAAGTGTCTGATAC-1,16.323810996248056,6.475525288983
CGTAAGTGTGGATTTC-1,3.4325106430117094,5.3327565586579535
CGTAATGGTCCCTCAT-1,-20.793046416860022,-4.0445714829743205
CGTCCATGTAACGGTG-1,-10.212421177885883,-14.167934614967088
CGTCCATGTGCTCGTG-1,19.532521201406887,-10.558516744537021
CGTCCATGTGGGAGAG-1,15.269769512388535,6.773896196289056
CGTGAATTCAGAGTTC-1,-9.72981899084237,-2.7443428673101247
CGTGTCTAGGTCTGGA-1,4.140976613547963,5.815050843346157
CGTGTCTGTTGTTGCA-1,-6.142709327276522,-12.348276964078957
CTAACCCAGCAGGCTA-1,-11.029209241924734,-15.231581803959976
CTACATTAGCAGAAAG-1,-27.49167952535766,-7.950005818606565
CTACCCATCGTCCATC-1,6.863132410637264,-19.0502231776891
CTACTATAGTCGCTAT-1,-19.887257888872984,-3.4735975824703953
CTACTATTCGAGTGAG-1,21.124653075354633,-17.957227245630747
CTAGGTAAGATTCGCT-1,-4.434938260749347,-8.448559114465384
CTCAAGATCGTTATCT-1,7.09178201111066,1.655842889141774
CTCAGAAAGCGATGCA-1,-23.785978901371507,-11.912800236304186
CTCAGGGAGTGGCGAT-1,19.837727200705267,-18.76864735349515
CTCAGTCGTGAGAGGG-1,-26.51503936089761,-13.849005718891254
CTCATCGAGGTGAGCT-1,-22.834769369325052,-6.4113381054202
CTCATCGCAAGAATAC-1,10.570292865005044,-20.754592057943352
CTCCAACAGAGCGACT-1,-3.185806392064824,4.28162017372714
CTCCACACACTGGAAG-1,-14.97017812741128,7.484902247922188
CTCCATGGTATCGATC-1,4.492003091799089,5.845686643218393
CTCCATGTCCACGGGT-1,7.910633981371514,-19.821686370282936
CTCCCAAAGCTGTTAC-1,-0.6063662826492893,21.16211259408619
CTCCCAATCTAAGAAG-1,-26.284477089348957,-15.651921168807307
CTCCGATGTTCCGCTT-1,6.502725690885083,-18.841881699241323
CTCTCAGAGATGAACT-1,9.530906274154429,0.6021010978602094
CTCTCGAGTACCCACG-1,11.513856762365867,6.473350616698047
CTCTGGTCAGGTGTTT-1,2.4025672623196117,-7.583293346337689
CTCTGGTCAGTATACC-1,19.91110610189906,-18.108433792100712
CTGAATGTCAAAGGTA-1,-9.746486753009812,6.8173203562492946
CTGAGCGAGCATCTTG-1,12.794734634936969,8.91951063074277
CTGAGGCGTATGGAGC-1,0.7122489623729382,-5.998728868006694
CTGCATCAGGTGCTAG-1,-19.594365741136073,-13.074005952816105
CTGCCATCATACAGCT-1,-11.216763243615517,-14.538121064113836
CTGCCTAGTCAATCTG-1,21.628427818122464,-15.326958982362177
CTGCGAGTCTATTCGT-1,-3.6797396535552185,7.756251113867262
CTGGCAGTCGTGGCGT-1,-29.444943628083777,-11.2668311593431
CTGGTCTGTCAGCTTA-1,-10.262762255428033,-13.482559579769699
CTGTACCTCAAAGGAT-1,-27.771757798621664,-10.678091977897406
CTGTATTAGCTAATGA-1,2.3103473299537582,3.4845966962369888
CTGTATTAGTAGTCTC-1,8.205204699912597,-18.545926796475772
CTGTCGTAGCTGTACT-1,-10.831418050377543,-9.633557833164323
CTGTGGGCAGACTGCC-1,8.914742136688089,-17.179815390340508
CTTACCGTCATTGTTC-1,-18.615259895760083,-13.486600388124984
CTTAGGATCCAAACCA-1,6.7236074324551725,-18.01793960495315
CTTCAATGTGGACAGT-1,14.88189182569485,10.598625074775665
CTTCGGTAGAAGGGAT-1,11.474718550638103,-20.884659051452275
CTTCGGTTCTCAGAAC-1,4.811747304805177,5.773043904695406
CTTCTCTCAGAGATGC-1,-31.41644188401719,-11.844814654410044
CTTGAGACAGGAGGTT-1,5.251853474849101,-7.2360058112037136
CTTTCGGGTAATCAGA-1,21.315409415301833,-15.421942467244282
GAAACCTTCTACTGAG-1,-23.004020407896423,-13.3166061554119
GAACTGTCATTGTACG-1,-24.116314867450555,-9.432927890055037
GAACTGTGTATCCCTC-1,10.1329882185351,-21.2088015476991
GAAGTAAGTCAAGCGA-1,-4.00823642911612,-1.677750602691726
GAATCGTAGTCACACT-1,14.791961073456692,6.016116942527713
GAATCGTCAGGATCTT-1,9.519026162057715,0.6240144412749214
GAATCGTTCTTTCAGT-1,-12.13380136644921,-15.120703976438513
GACAGCCAGTGCAAAT-1,-24.243586750956933,-12.012202576174952
GACCCTTGTTAAGAAC-1,-4.011279133830014,-9.056727202370743
GACCGTGCATGGCCCA-1,6.952165706225437,-12.600028783513789
GACTATGTCCTCGATC-1,18.634378252728048,-8.336934053427925
GACTCAAAGCATGCAG-1,-8.970861291940631,-9.98688050571289
GACTCTCTCGACGAGA-1,5.921923983574885,3.4342899383695675
GACTTCCTCGCAATGT-1,11.945410576573016,13.892568956093557
GAGACCCCACCAGGTC-1,7.419500113880329,-0.5130842528526456
GAGACCCCAGCGTAGA-1,-3.6676117657703475,-8.418334221745962
GAGCTGCCAGACCAGA-1,4.022620308139529,-13.27394256399958
GAGGCCTCACACGGTC-1,13.587736251024642,8.569373216487978
GAGGCCTTCCTCACCA-1,21.709249791228615,-14.513196242528398
GAGGGATAGTCACTGT-1,21.585778476153823,-17.96484145422212
GAGGGATTCTAGCCAA-1,21.299817509088676,-15.937117392863316
GAGTCTACAAGTCCCG-1,-15.255619306525341,-11.72013136610455
GAGTGAGAGTAAGACT-1,20.71839742420843,-9.938351844198223
GAGTTGTCAAATACGA-1,13.454185475843124,10.718418346259204
GAGTTTGCAGCGCGTT-1,8.030171072516158,-0.3452152212170597
GATAGAAAGGTGCTTT-1,-23.80146624831954,-10.809461649155661
GATAGAAGTGCCGAAA-1,1.5499325639109864,2.513031332201719
GATCACACATCTGTTT-1,17.381396869168174,6.742131402936752
GATCATGGTGAATTGA-1,19.32243621243133,-7.677333674288748
GATCCCTCAGCAGTAG-1,-0.4127836493305286,-8.782297077189252
GATCGTAAGAACGTGC-1,-3.7572884448469925,-0.8688158321449487
GATCGTACAACTACGT-1,18.9663579968358,-7.386825960678295
GATGGAGGTCCAAATC-1,-32.0125356843966,-10.668414806590325
GATGTTGAGTTGCGCC-1,-13.616346563013213,13.104913782617801
GCAACATTCCATGAGT-1,-23.00029677569865,-16.548019783190693
GCAACATTCTCTTGCG-1,-16.108822633570924,-12.59230323159622
GCAACCGTCGTAACTG-1,17.789376118885304,-10.502101982987147
GCACGGTAGATTGTGA-1,9.093993150893127,-18.440852597793654
GCACGGTAGTCATAGA-1,-22.270609900699927,-14.123688134578064
GCACGGTCAATAAGGT-1,-7.049227732915826,-11.064861507777252
GCAGCTGCACAATCTG-1,-26.4781339774376,-12.802509247905816
GCCAACGTCCTTCAGC-1,17.290172260059975,-18.452583455804234
GCCAGCAGTTGCATCA-1,-27.35195043297226,-9.470186330134391
GCCAGTGGTTAAGCAA-1,16.466243644050884,9.14379433340444
GCCCAGAGTTCCAAAC-1,-23.17766440918671,-12.590888934496526
GCCGATGGTCTACATG-1,-9.031160997830021,-5.71719441144631
GCCGATGTCCATAGAC-1,13.538917552607383,7.393884193428647
GCCTGTTGTGAGCCAA-1,-6.949533925692739,-8.11115826897098
GCGTGCAAGGGTCACA-1,24.804047166738048,6.900484378813039
GCGTGCACAAACACCT-1,19.19845010152079,-7.619120197139175
GCGTGCATCGAAGCCC-1,-22.44703622871358,-15.463250524094212
GCGTTTCTCCGTGGGT-1,16.294445543748388,8.562257212805623
GCTACAAAGGAACGCT-1,8.441967122538099,-13.571632460394397
GCTACCTAGTCAATCC-1,-10.957357740342903,-14.15127445829195
GCTACCTTCCCGTTCA-1,13.71600266547992,8.901961507439111
GCTGAATGTTACGGAG-1,-17.464400177230498,-16.23472750494989
GGAATGGTCAAGCTGT-1,-24.022169822523974,-13.602272581793791
GGACGTCTCCGTGGTG-1,17.63699321296775,9.542388107239313
GGAGCAATCTAAGAAG-1,11.546537188897931,15.480238722665444
GGAGGATCAGGAGGTT-1,-26.8155128351015,-11.800485919832138
GGAGGATCATGGACAG-1,-13.417232626738436,-15.75302158215935
GGAGGATTCTCACCCA-1,-19.032345680440525,-13.902592128659832
GGATCTACAAGCCCAC-1,-22.12016468405364,-16.902880200542043
GGCAGTCTCGAGAACG-1,-27.86820963905271,-5.857438489929731
GGCGTCACAAGGGTCA-1,0.12612442456942508,21.630929327890428
GGGACAATCTTTACAC-1,-5.337843391949151,-3.1788074162331768
GGGACCTCACATTCTT-1,14.186590387250224,9.080543576986106
GGGATGAAGCTACTAC-1,14.199426597732014,9.62592525230301
GGGCCATAGCCTTTCC-1,19.54799100043309,-7.611942469699669
GGGCCATTCACCCATC-1,-32.3282852550705,-12.151800048167
GGGTCACGTAGCTGTT-1,-21.66594575647356,-12.618114713228737
GGGTGTCCAGTATACC-1,9.790739798374325,0.37714281507582503
GGTCACGTCAGGCGAA-1,20.639805712668913,-17.94751015853547
GGTGTTAAGCACTCGC-1,-9.11440662751169,-13.751580653382064
GGTTCTCCAAAGACGC-1,10.087657773316012,16.72664314481629
GTAACACCAAGCGAGT-1,-20.045313113590552,-13.69187185105709
GTAACCATCCCATTTA-1,-10.135778003932517,-13.599249470940856
GTAACCATCTCGTGAA-1,-17.88579201722396,-12.385458901949693
GTAAGTCAGCTGTCCG-1,7.6874203809193284,0.6487007481338621
GTAAGTCGTAGGACCA-1,-28.176836884051152,-9.867160803057217
GTAATCGCACTCTCGT-1,-14.682518726120586,-10.308824212098894
GTACAGTTCACAAGAA-1,16.75804611905742,6.251168205501415
GTAGAAATCCGACAGC-1,-21.35545941685873,14.479326598860643
GTAGATCGTACAGTTC-1,-9.398076196204185,6.095573274742828
GTAGATCGTAGTATAG-1,6.045897925105836,-7.869659365041737
GTAGGAGTCTCGCTTG-1,6.960904977787315,7.909424411785369
GTAGGTTAGACGATAT-1,-3.150248351438071,-8.44012072757553
GTAGGTTCATGGCCCA-1,17.236206604646416,9.88978814170374
GTAGGTTGTAGATCGG-1,-5.114913789352736,5.806501380141785
GTAGGTTTCTACGCGG-1,-5.108485463369766,-9.013362191472282
GTATTGGTCTAGCCTC-1,8.572758915573429,-21.096250705529062
GTCAAACTCCCATAGA-1,5.206867899118849,-14.576314832635815
GTCAGCGCACCAAATC-1,4.363580500772324,5.777441022745574
GTCAGCGGTCGTTATG-1,12.398578543634793,-6.7656943456310925
GTCATCCCACACAGCC-1,-23.746843003518944,-14.639185535408501
GTCCTCAGTACTGGGA-1,18.552223188828386,2.8017221128867513
GTCGCGATCGGCATAT-1,18.415408168416203,-5.880117188349218
GTCTAGATCGCACTCT-1,-15.155889645160265,-7.620137877177812
GTCTCACAGACGCCCT-1,-27.47905242424534,-6.488582722385803
GTCTCACGTCGAGTGA-1,19.784008598735937,-17.5171544785603
GTGACGCTCTAGCCTC-1,1.5696231170449828,-6.887020778424322
GTGAGGACAGGCACTC-1,3.684827976132544,-5.518382221577045
GTGAGGATCCACCCTA-1,-16.420454629461688,-15.201671298663225
GTGATGTCATGGGAAC-1,19.572622761903286,-18.588980503229344
GTGCACGAGAGCCTGA-1,-23.261020792011454,-11.09739382316974
GTGGAGACAGCGTTTA-1,17.319706130825175,-17.949179123584457
GTGTAACGTGGACTGA-1,22.015531719708974,-16.659984969757225
GTGTTAGGTCTGATAC-1,13.205493917264299,12.263595683294225
GTGTTCCGTCCTTTGC-1,-26.6985202582797,-15.287149130704499
GTTAGTGGTAATGATG-1,19.443003163186628,-10.753495139554122
GTTATGGCAATGACCT-1,22.32525647930494,-15.379441156243175
GTTATGGTCTCGTCAC-1,7.5836262592603125,-19.29442028641282
GTTATGGTCTCTCGCA-1,-29.716921834320612,-13.897777816780847
GTTCATTGTTACGATC-1,11.190157721172728,-20.889070213769067
GTTCCGTAGGAAGTAG-1,5.846000489524455,-7.126601726647951
GTTCTATAGCATATGA-1,13.658243746424409,11.922826725943375
GTTCTATGTCACCACG-1,8.325036241119042,-18.811968664860117
GTTGCGGTCGAGAGAC-1,6.767582937353523,-12.633807120079172
GTTGCTCAGTGCCCGT-1,19.280596344456406,-13.920399038552377
GTTGTCCTCCATCAGA-1,-32.11745326152532,-10.415949150998033
GTTTGGAAGCTAGTTC-1,24.32828810890634,-15.266227560464941
TAAGCACAGTTTCAGC-1,13.967973816419736,8.25831855719087
TAAGCCAGTCTAGGTT-1,-12.741625921037103,-11.341914310103027
TAAGCCATCAGATGCT-1,-28.822585798920088,-11.51721201489509
TAAGCGTTCTGCGATA-1,0.7652801077768285,22.44982537567994
TAAGTCGTCTTAGTTC-1,-22.980267994043544,-15.622870074742488
TACCCGTTCTATTTCG-1,8.387152175061276,-20.096284690217338
TACCGAAAGCGACTGA-1,-18.26403895924026,-9.605625589286245
TACCGAATCGCTACGG-1,14.048311255222023,8.088967520766568
TACGTCCCAAGAGTTA-1,-25.301094339858242,-11.796047704455852
TACTTCATCATCACCC-1,3.7647051044733137,-10.58565290123721
TACTTCATCCATTGGA-1,-4.635989777030253,-11.15619805630625
TACTTCATCCCTTCCC-1,14.65991931800875,-9.152546108098809
TAGACCAGTTCAAGGG-1,8.398302086058571,8.533448709181174
TAGATCGGTGTCACAT-1,11.077856135800804,11.176190374653746
TAGCACACAGCGACAA-1,20.829734383734753,-18.99100145338197
TAGGAGGGTGACGTCC-1,-31.480375221915,-10.077997974955876
TAGGTACTCCCTTCCC-1,-15.838866191363568,-15.41494973429431
TAGTGCACAAAGGCTG-1,19.4482885104024,-12.045304124447895
TAGTGCACACAAAGTA-1,-24.122971041885915,-7.475534649440882
TATATCCAGAAGCGAA-1,4.712778027533929,-8.408769113147093
TATCAGGTCGACCTAA-1,-21.2469721447763,-17.082470162062688
TATCCTAAGAATTGCA-1,-7.9599217967277145,-9.337011547812741
TATTCCATCGTTCTGC-1,-18.144872084980804,-9.596318917538312
TCAAGCAGTACTGAGG-1,-14.69850830576589,7.538939106189878
TCAAGCATCTATTCGT-1,2.9899919300691487,2.520734392741965
TCAAGTGGTGTTCATG-1,4.1431387847112395,-9.713983748465072
TCAATCTTCGTTCAGA-1,-27.179468580981077,-6.6918859011362635
TCAATTCCACACCAGC-1,25.910675288568584,-14.628777976369255
TCAATTCCAGATAAAC-1,4.3337312301176105,-14.374814223795873
TCAATTCTCCTTCGAC-1,-25.165410139423184,-12.520520450896708
TCACATTCAACAGAGC-1,1.2039861473052766,20.972772347095237
TCACGCTCACGCGGTT-1,8.73309268383031,-7.895473128880045
TCACGCTCATACCACA-1,-21.214352474087008,-13.455071478504339
TCACGGGAGTCTAACC-1,-30.123124536633032,-11.658893942883687
TCACTCGGTTGGACCC-1,-32.06284657088105,-11.597171237154253
TCACTCGTCTACGGTA-1,8.844304737483645,-20.029673325250766
TCACTCGTCTCAACCC-1,19.53206685811355,-5.714052137003411
TCAGCCTGTGTCGCTG-1,-29.087394181169767,-15.508644357928052
TCAGCCTTCTCTCAAT-1,8.86669179073418,0.2190859549878248
TCAGGTAAGCCTGAGA-1,26.225703971809875,0.8912875450200899
TCAGGTATCAACACCA-1,-25.016674664563997,-12.707587802478107
TCAGTCCCACAAATCC-1,20.73611658689377,-17.22701084187947
TCAGTCCCAGCAGTCC-1,-7.251872325660146,-8.74312391546928
TCAGTTTTCTGCCTGT-1,8.095187871640837,-19.22723469003426
TCATCATTCTAGTGTG-1,1.285000302246134,1.4498281804262807
TCATCCGCACCCAACG-1,-13.424006632257857,-13.764035257458083
TCATGAGTCGACGAGA-1,-17.655105422907422,-12.49606577852395
TCATGTTGTGTGAATA-1,9.88945778569403,18.636266183856222
TCATTACTCCTCACCA-1,-21.47420218374004,-3.657624628436155
TCATTGTCACGTGTGC-1,9.176771766649999,-20.75925326804636
TCATTGTGTCCTACGG-1,-26.690695335417935,-15.470275538446762
TCCAGAAGTTGTGTAC-1,-20.838065868608002,-17.059909048201305
TCCCACACAACGCCCA-1,8.370967565781088,-16.557079903141517
TCCCATGGTCTTGCGG-1,-29.1472356083383,-15.673300903887123
TCCGTGTGTGGATCGA-1,-27.284878367277287,-15.335536850113373
TCCTCCCTCGGTCATA-1,-10.29876269939156,-11.331025030416475
TCCTCTTAGTATGCAA-1,13.319920357399598,8.234867566666335
TCCTCTTCATTGAAGA-1,17.449948751084374,-16.325876912775108
TCCTCTTTCGCGTCGA-1,-15.27558621449814,-14.272728118853404
TCCTGCACATTAAAGG-1,-28.11107653657203,-16.148354063849723
TCCTTCTCATCAGCAT-1,18.50662821095579,-14.261682147525947
TCCTTTCCATAGAAAC-1,-17.227009032900146,-13.438866843178198
TCCTTTCTCGGTCTAA-1,-11.547169999408393,-13.345842453125483
TCGAACATCGTGAGAG-1,-13.957288527496097,7.387597721649608
TCGACCTCATCTAACG-1,-25.678084288565962,-11.760492767271906
TCGATTTAGCATTGAA-1,-28.68660540563376,-14.188660661092728
TCGCAGGAGTTCCTGA-1,8.407608824760782,-19.747854333480618
TCGGGCAGTGCCCTTT-1,-24.278208763992318,-13.090449390993843
TCGGGTGCACGCAGTC-1,-1.6220590345366115,-4.11701443425362
TCGTCCATCAGGGATG-1,-28.348519859088746,-15.926162603865876
TCTAACTTCCAGTACA-1,7.560439601667064,-18.64640609525232
TCTAACTTCCTACGAA-1,5.854817686169022,-6.881180045531414
TCTATCACAATGTCTG-1,19.388213754776878,-11.66662183346788
TCTCAGCGTCACAGAG-1,7.875644613199942,-0.19262212825607047
TCTCTGGTCACAGAGG-1,7.373057140674746,-0.6755750216916754
TCTGTCGAGTTGTAAG-1,14.196506433815275,-9.360868878979863
TCTTCCTGTAACGGTG-1,5.390060824216044,-14.543097727792283
TCTTCCTGTTACGGAG-1,-28.814815652910866,-13.955149965265157
TCTTTGAGTATCTCTT-1,-15.883801480829788,-15.43809926689167
TGAACGTCACAGCTGC-1,-18.82448044941887,14.76160641790137
TGAATGCAGTCACGCC-1,-15.420855223633119,7.409532540789617
TGACAGTCACTTGTCC-1,-18.716694749423823,-3.7701464429795126
TGACAGTGTACTTGTG-1,-20.35881567404773,-14.275666676338203
TGACCCTTCCAGTGCG-1,-32.33691032280238,-10.383898327735174
TGAGACTGTAACGCGA-1,4.911796962866639,2.705918646801704
TGAGACTGTCTAGGCC-1,-22.54940478877726,-4.774242637532446
TGAGACTGTGTCACAT-1,4.418485652940338,5.799679565407543
TGAGGAGAGGTTCTTG-1,11.711841679207597,13.629822067952365
TGAGGGAAGAGCTGCA-1,0.7213484970206638,-8.661096389956274
TGAGTCAAGCACGGAT-1,-17.142267416241914,-16.54804079052621
TGAGTCATCTACTATC-1,-30.634133186698566,-8.422699288426422
TGATCAGTCGTGCACG-1,-15.208820915437585,-14.262428753955488
TGATCAGTCTATACTC-1,-33.282631988424136,-10.503638496605898
TGATCTTGTATCGCAT-1,0.5165384177915863,20.32719790853743
TGATGCAGTATTGCCA-1,14.792070935887496,-9.224771973987753
TGATGCATCAGCTTGA-1,-26.67948521220139,-8.137232213373538
TGCAGATCAAACCGGA-1,-28.95470572869301,-9.704237029089931
TGCAGATTCGTGAGAG-1,5.172700860443817,2.8750406756721234
TGCATCCAGGCTTTCA-1,7.648140911146653,-19.427542175932537
TGCATGACAGAGGCTA-1,8.055016676280019,0.6595923038625051
TGCCGAGGTTTGCAGT-1,-11.870230865595675,-11.161261886846136
TGCGATAGTCCAGCGT-1,15.779017209111629,7.92446257082731
TGCGGCAAGCTGTTCA-1,16.482225340833182,7.730661510872281
TGCGGCACAATTTCGG-1,7.608527810401394,-18.16796158724454
TGCGGGTGTCTTGGTA-1,20.909667195665858,-18.358576928535943
TGCTGAATCCCTTGGT-1,29.386465746935134,-7.236567187272929
TGGAACTTCGACCCAG-1,-5.415354945240237,-3.3158735535883106
TGGCGTGGTGGAAGTC-1,8.241250725532765,-13.855440578936573
TGGCGTGGTTATAGCC-1,10.87332262217031,-6.394200166436761
TGGCGTGTCAAGAAAC-1,17.40986891043747,-17.179462747493265
TGGGAAGTCTCACCCA-1,-8.427621530101227,-1.367523445285413
TGGGATTCAATGTCAC-1,24.713201264176497,-15.17205661290961
TGGGATTGTTGACGGA-1,22.307923687879697,-15.62264040241777
TGGGCGTAGGTCGTCC-1,18.716779636138362,-18.822771603525467
TGGTACATCCATCGTC-1,9.837747348104186,-21.527167218020637
TGGTTAGCACTAGTAC-1,-25.087042677983693,-11.338482133199586
TGTAAGCCAGTGCCTG-1,10.267969034204121,-14.427142486468751
TGTCAGAAGGGTTAAT-1,-20.48967231518926,-12.779996391725884
TGTGGCGTCCTCACTG-1,-7.14155624720133,4.444575596612511
TGTTCCGTCATACGGT-1,17.547103766556276,-5.7754164173250935
TGTTCTAAGGGCAAGG-1,20.241419572317064,-7.20576609227644
TGTTCTAGTATCGAAA-1,3.108023095805137,4.9407119893685
TGTTGGAGTTCGTTCC-1,14.332650032776323,8.69631276676286
TTACCATCAACCACAT-1,7.2988895905344675,-0.5949405141624547
TTACCGCTCTCGTGAA-1,-27.55644073218204,-14.209992211481714
TTACGTTTCCCTCGAT-1,9.887376728066805,-20.79241390779432
TTAGGCACAACTCGTA-1,-7.159442719019072,-10.602616481846212
TTAGGCATCTCCGATC-1,18.467186216444695,-6.132140298145317
TTATTGCTCGTGGCGT-1,-18.935106961861912,-2.8275913977606266
TTCACCGAGTAACAGT-1,-1.2897222340111143,-3.899711477835841
TTCATGTCATTAGGAA-1,-12.046178263658607,-11.953568230730921
TTCATTGAGTAAGGGA-1,-17.739065051831897,-4.442038612706868
TTCATTGGTTCTCGTC-1,-14.299979647502948,-16.337256857237367
TTCCAATAGCGCTTCG-1,26.121727008342425,-13.655844340949134
TTCCGGTTCCTGTACC-1,8.905590544103177,0.10851481949836243
TTCCGTGGTCGCTCGA-1,21.209598586258103,-14.319126706514691
TTCCTCTTCTAGGAAA-1,-24.890802461218083,-15.875329934395383
TTCTAACAGCGAACTG-1,8.50828823286659,-17.39541362083878
TTCTTCCGTACTTCCC-1,19.518649597532825,-12.91522456986202
TTCTTCCGTTCCACGG-1,15.961338017253901,7.715683029199457
TTCTTCCGTTGTAAAG-1,1.204134100501775,-6.51212336352108
TTCTTGATCGAACCAT-1,-10.442215966862284,-11.408532787375758
TTGATGGAGCGCCGTT-1,1.7415482055192995,20.888171627410195
TTGGGATGTAAGACCG-1,17.071345763750443,-18.110506895763127
TTGGGATTCTGGCCAG-1,8.278644532286116,8.861876531900958
TTGTGGATCTACTGCC-1,-5.261548021975457,-11.342499466634614
TTGTGTTCAGAGGGTT-1,4.363423069186297,5.817624979330288
TTGTTTGTCGCGTGAC-1,11.018882904462348,17.666258974008187
TTTACTGCATTGAAAG-1,-20.231201842225282,-14.440671022469873
TTTAGTCCAGCACAGA-1,-7.2975609964168315,4.174118038683744
TTTCCTCTCGCTCCTA-1,18.977789621487343,-13.287494806418099
TTTGACTTCGTCAGAT-1,-29.726768740624895,-8.365590051748393
TTTGATCCAATGGGTG-1,1.9054497675639859,-1.773370652188796
TTTGATCCACCAGACC-1,0.10179713586305068,22.528538453734868
TTTGTTGAGAACTCCT-1,-28.85716130143692,-14.32794099160128
TTTGTTGCAAGAGGTC-1,-15.516573678357531,-16.2414870106122
AAACGAACAAGAGAGA-2,15.072384699366097,13.370044352180493
AAAGGATCAGCACAGA-2,24.406089828811663,-4.6969686686530565
AAAGGTAAGTATAGGT-2,23.13429288026235,-7.2890130674016085
AAAGTCCCATGACTGT-2,10.2640528529418,17.84699790364889
AAAGTCCGTCGTTATG-2,5.414743911694393,26.609531362005384
AAATGGAGTGAATTGA-2,-4.395961259873204,32.431439492314794
AACAAAGGTGTTATCG-2,22.692211603201354,0.3419862461691791
AACAAGACACGAAAGC-2,24.986793625980418,6.029288046337319
AACAGGGCAGGTGTGA-2,2.1354959535919096,29.883461214876014
AACAGGGGTATGTCAC-2,-9.034196695789456,4.217250440642229
AACCAACAGTGGAATT-2,2.570792377152597,30.01639720412403
AACCAACGTCGTTGCG-2,-7.716663830861033,-12.04036209661999
AACCAACTCGTCCTCA-2,8.465572235861831,20.379290116257152
AACCACAGTCCCGCAA-2,0.3436945376088693,29.000104059221822
AACCACATCGGAATTC-2,21.59415347817726,-5.10266101342738
AACCATGTCTTCGCTG-2,7.959836143694628,20.60849678182791
AACCTTTGTATGCAAA-2,-25.529525610531543,-7.862740219163121
AACGAAATCCGGTAAT-2,4.091473101721832,19.56553838504932
AACTTCTCAAAGAGTT-2,2.0845564314920186,25.07904003779314
AAGAACAGTTGCCTAA-2,13.054042303925659,13.878071730410898
AAGATAGCACCCAAGC-2,-22.418238243934752,-7.286993647583145
AAGGTAAGTTGTGGAG-2,-27.472930785664925,-15.202956814193163
AATAGAGCAAGACGGT-2,-5.883947005073572,6.691392055156423
AATCACGCAGCGGTCT-2,10.675659836197358,-6.709146196347832
AATCGACGTTCGGCGT-2,-3.954924270208846,-9.629297584541458
AATCGTGTCGCAACAT-2,-12.313291899122355,-0.9403416785417255
AATGAAGAGCAGGTCA-2,4.4660186434886855,20.59280914570174
AATTCCTCATGACGTT-2,-20.751846567399404,13.9367640666094
ACAAAGAAGGGCAATC-2,-4.982764873367967,32.05118858217318
ACAAAGACAGGTGACA-2,-14.071566038580166,7.549790385829785
ACAAAGAGTGTTTACG-2,24.194666070537636,-9.673354136171186
ACAACCACAGCAGTCC-2,-13.835093249545618,-15.076525807506858
ACAAGCTTCTTTCGAT-2,-12.46519631831558,9.19461078623499
ACACCAATCGTGTGAT-2,23.120017842132064,-6.563975449291254
ACAGAAACAAACTCTG-2,-11.720273652753605,8.806061308326457
ACAGAAATCGGCTCTT-2,21.56603602630841,4.8892649547291
ACAGGGACAAGGGTCA-2,-18.765499463997248,-7.556821041552808
ACAGGGAGTTGTTGTG-2,8.98694721185614,-18.721709135552924
ACATCCCCAACCTATG-2,-9.597743277995681,-1.3288367018631038
ACATCGACATATGGCT-2,1.2230158920079925,-8.201394413845875
ACATCGATCAGCGCAC-2,-4.746189586713309,4.361660224508127
ACATCGATCATCTATC-2,-4.487345882274482,-10.485950588588096
ACATTTCAGCATCCCG-2,3.842831932195462,24.73321605208241
ACCAACATCAAGTTGC-2,-1.067311335474002,-8.988713738306672
ACCACAACATTACTCT-2,-15.819382429149373,-2.979245953644776
ACCACAAGTCAGACGA-2,-7.2397144602244206,32.6964085851843
ACCATTTAGCATTGAA-2,-8.226335393240182,3.637961241175509
ACCCAAAAGCTCTGTA-2,17.378208134251018,11.541800422735845
ACCCTCAAGATCGGTG-2,28.794104511346994,-5.217251505660071
ACCCTTGGTAAGGAGA-2,-18.523728732186886,-5.682259515412193
ACCTACCCAAGCCTGC-2,22.08921441889538,3.748950955159838
ACCTGTCAGAAGGATG-2,5.879593061198742,26.95311581247516
ACGATCACATAGTCGT-2,-7.062992788314793,-4.295458545551267
ACGATCACATCGATCA-2,-17.562604777548017,-2.4960084750602634
ACGATCAGTCCTTGTC-2,3.113387652919743,24.14418095562879
ACGATGTCACTACACA-2,-14.627314679615415,14.48604505336139
ACGATGTGTTGCTCAA-2,26.09313643292458,-10.095016720827665
ACGCACGGTCTTCAAG-2,9.980719081563281,-8.064295449163865
ACGGGTCGTCTTGGTA-2,-5.6593885562325985,-4.2130158198061105
ACGGTCGGTTTACGAC-2,-1.9014685073478814,27.03125326628857
ACGGTTATCCGTTGAA-2,1.8265430041925297,28.859602228515598
ACGTAACAGGTAGCCA-2,2.917239019686576,30.152393050375515
ACGTAGTAGATCCGAG-2,-10.244480082797574,7.094828018803057
ACGTAGTGTCGAATGG-2,4.335517144232001,2.643868344427678
ACGTCCTCAAAGACGC-2,3.78304992335569,28.27681911260192
ACGTCCTTCATTACTC-2,21.310971170924997,2.7909764230065996
ACTACGAAGACGTCCC-2,-25.833213229643814,-9.956188811852803
ACTACGAAGTTGCATC-2,19.89702625675985,7.333070815831025
ACTACGACACAGAGAC-2,8.650911939717213,-20.119060779091456
ACTATCTTCAACTTTC-2,0.9141127564394759,23.3485343239154
ACTATGGAGGAGAGTA-2,-5.995161090018774,-10.995543857013143
ACTCCCACAGGCTACC-2,-3.7157167836511107,28.61713259826079
ACTGCAAGTAACGTTC-2,-19.884277242095617,14.454147373750718
ACTGTCCAGCCGTCGT-2,8.218530063169121,-10.424532504999343
ACTGTGAAGGAGAGGC-2,27.862016565194942,-4.363364321498768
ACTTAGGGTAAGATAC-2,-10.747027149738026,-10.338657129036678
ACTTAGGTCGTACACA-2,-3.5905777478599354,5.544847581759769
ACTTAGGTCTCCCATG-2,-3.1728724599744904,31.608815130451813
ACTTTCACATTGTGCA-2,21.17567754875698,-9.497673057945645
ACTTTGTAGGGCAGTT-2,-12.461168589964213,10.071518283427405
AGAAGCGCACACACGC-2,22.543993715721633,2.343355246263504
AGAAGTACAACTGATC-2,-31.47560136929708,-11.001841004534386
AGAAGTAGTGATTCAC-2,23.916093585807594,-3.84068766900597
AGAGAATGTGAACTAA-2,-16.652642533063137,-4.8442911020410735
AGAGAATTCCGCTGTT-2,7.286182591307674,23.150185809710585
AGAGAGCTCACTTTGT-2,-3.400644508908966,30.425019550145752
AGATCCAAGAGTCGAC-2,-13.652824844602002,14.595020176567969
AGATGAAAGACCAGCA-2,22.201224810957072,-7.28791349633859
AGATGAAAGTGAGGCT-2,-7.580415286596552,-13.457897098455247
AGATGAAGTGCAGATG-2,-15.14503029722728,-12.475214800521389
AGATGCTTCAGTCAGT-2,12.178338523164443,14.294777929442885
AGCCAATTCAACTGAC-2,-7.218612594743694,32.42654371134809
AGCCACGCATCGGAAG-2,-26.00183575780525,-10.739707939288369
AGCCACGTCAGCAGAG-2,8.261324677791587,-11.356419149861738
AGCCACGTCGGTGCAC-2,-15.055792585634519,-13.022648748229999
AGCCAGCGTGTAACGG-2,4.836668216315307,25.53840113786773
AGCGCCAAGTCGTTAC-2,-6.731844836794688,6.154319849327321
AGCGCCACAAATGGCG-2,-17.0240233528808,15.560744815782956
AGCGTATCACGCAGTC-2,-5.7973097562642435,31.966628375205662
AGCGTCGGTCCCAAAT-2,-4.8894540279391645,-7.455242108276848
AGCTACATCAAATAGG-2,-7.649341056873275,-3.7001944811135243
AGCTCAACAAGTGGTG-2,15.38259634298583,10.69062620778342
AGCTCAAGTAGAGCTG-2,24.600720465975733,-8.089217756115973
AGCTTCCAGTGATAGT-2,13.016411495259977,-6.676460488025342
AGGAAATCATGTGCCG-2,8.736923553228307,20.36257619215925
AGGACGACAAAGACTA-2,-15.924051143633829,-15.723112588328446
AGGACTTGTATGCGTT-2,5.664093190030747,20.75875888861702
AGGACTTTCTGGAAGG-2,23.15233091731101,-5.439508701305667
AGGATAAAGAGACAAG-2,20.67780234917516,5.165295231967724
AGGATCTGTCCACGCA-2,-4.973328549553677,31.626223750915948
AGGATCTTCACTGGTA-2,1.6756807338430217,2.713605760036379
AGGCATTGTTTCGTAG-2,-5.00746943458036,6.732831245670342
AGGCATTTCCGTGTCT-2,20.855707803796708,2.1516331671368505
AGGCCACAGCTGTGCC-2,-16.14820426509114,-3.8952763922227764
AGGGAGTTCTGAGCAT-2,-2.2693498474439506,27.037048896912175
AGGGCCTGTGGAAGTC-2,25.12861995054267,-8.770397664740896
AGGGCCTTCTTCTCAA-2,22.957025411853174,2.714123315916905
AGGGTGACACGTACAT-2,25.255443310617377,5.7171836135213745
AGGGTTTCAAGCTGCC-2,9.47000036361609,19.59422242890206
AGGGTTTCATGGCGCT-2,23.642609725609645,-14.00025719738912
AGGTCATAGCATCCCG-2,-14.497179812776318,18.084762716734613
AGGTGTTTCGCAATGT-2,8.13855370120389,-10.847041769066669
AGGTGTTTCGGCATTA-2,26.226538488567737,1.1188192165876039
AGGTTACAGACATATG-2,4.172201653440663,-13.084900930786857
AGGTTACAGGGCAGGA-2,23.061749868495887,-5.591661429670419
AGGTTGTTCCATACAG-2,-4.427546230470291,31.941830282162673
AGGTTGTTCGGCTTGG-2,-12.09511606145256,-15.179166052648853
AGTAACCGTCCTATAG-2,-19.883663111205333,-5.315286469474069
AGTAGCTCAGGTTACT-2,-11.853656051322021,9.028315362799743
AGTAGTCGTTTACCAG-2,-4.671187777229789,31.36391196929826
AGTAGTCTCGAACCAT-2,-14.087951749655705,15.100491166636356
AGTAGTCTCTCATGGA-2,-20.864256350996023,14.484896461556525
AGTCACACAGTTTGGT-2,-9.799794105097002,-3.301523463970116
AGTGACTGTTGGGTAG-2,-7.474392465780568,32.487832306043856
AGTGATCTCGTTCATT-2,16.901295837128014,7.999135103133439
AGTTCGAAGACCATAA-2,-28.16046903788897,-8.425479966460681
AGTTCGACACATTCGA-2,24.195396842420102,4.762607102017133
AGTTCGATCAAGTCTG-2,-2.3576407785556226,25.870566120173446
ATACCGAAGGAGGTTC-2,21.47303830826523,4.065688669549388
ATACCTTGTCAAAGAT-2,1.148728449600325,-7.489060531668228
ATAGACCAGTGATAGT-2,-6.872222668762023,-9.167777761088761
ATAGGCTTCTCTTAAC-2,-5.380451947276241,-3.5279729165401723
ATATCCTAGAAGGTAG-2,7.919230650941246,-17.805841544828244
ATATCCTGTCCACACG-2,-21.156593956225922,-8.226918952318005
ATCACAGCATATGCGT-2,-9.589318400580837,5.38437687126658
ATCACAGGTCGGAAAC-2,-6.111404298018331,32.26243761288686
ATCACGACATATTCGG-2,4.265841867707738,24.81065336997579
ATCACGAGTTGTGCAT-2,-14.422615700044876,-12.492695210300722
ATCACGATCACCACAA-2,15.580813331139888,-17.11742691426166
ATCACGATCGTTCATT-2,4.382701714966436,27.667323554100747
ATCACTTAGGTGATCG-2,15.985628810961712,9.986045426516565
ATCAGGTGTTCCGGTG-2,-12.576961900104985,10.63620935625638
ATCATTCTCGTTCCTG-2,20.163333257548437,-5.123524837921113
ATCCACCTCGATGGAG-2,-22.199976545021247,-8.245674171416997
ATCCATTGTGTCTAAC-2,-6.911049127662858,30.12188891281383
ATCCGTCGTGTTAAAG-2,7.079406183450303,-7.484925142822371
ATCGCCTTCGGTAAGG-2,1.0470690293006422,20.00437375068799
ATCGGATAGTAGGGTC-2,-12.361459617861511,-0.9705194082459832
ATCGGATTCTTTGCAT-2,-6.8111080857938955,-4.254455938960165
ATCGGCGTCAAAGCCT-2,-31.59569802208165,-9.578668691142832
ATCGGCGTCTTCACAT-2,5.627193400105417,24.358929030570636
ATCTCTACAACAGCTT-2,19.405650461679407,5.885556185096081
ATCTCTACATGGCGCT-2,-25.74222584061673,-15.806619051241517
ATGAAAGTCGTTACCC-2,-7.861963877870058,3.6770490996209624
ATGACCAAGAAACCAT-2,22.265285343306328,4.664036076155513
ATGAGGGCATAGGCGA-2,1.6399593885244577,28.256029714527596
ATGAGTCAGCTTACGT-2,-22.930171216384842,-4.317138766423875
ATGCATGGTGGTTCTA-2,23.843207100878217,-3.3532530796089652
ATGCCTCAGGGCAACT-2,-20.63420729882614,13.584799525249888
ATGCCTCGTGTTTGCA-2,28.48286724145339,-4.294743892779458
ATGCGATTCTCCTGCA-2,7.320586975951117,23.582986420609473
ATGGAGGCAATTCTCT-2,24.389883783196037,-1.345381615722379
ATGTCCCAGCCAAGTG-2,-27.904089092731667,-16.94086531627527
ATGTCCCCATTACTCT-2,23.77923915373596,-6.919650261987862
ATGTCTTTCTAAACGC-2,11.555287809964064,6.49628037044884
ATTCACTTCGACGTCG-2,-8.093450395092116,33.38383720872996
ATTCATCGTAGCTGTT-2,0.025899715361183885,24.167588382898224
ATTCTACTCGCATTAG-2,-1.151898810833292,27.33018574088516
ATTGGGTTCGTCCTCA-2,-11.342044160271163,7.681438366207821
ATTTCTGGTTGCAACT-2,-8.343291105789683,33.178890534641916
CAAAGAACATGCAGGA-2,15.117666807962872,-10.162650285802469
CAAAGAAGTAACTAAG-2,-2.1460204219598955,29.565817004198166
CAAAGAAGTGCTATTG-2,-20.803000438887477,13.108731127614277
CAAAGAAGTTCTTGCC-2,20.88780290229738,3.765725457512592
CAACCAACAAGAGCTG-2,4.673247341838227,27.033557696550123
CAACCTCAGTTGAATG-2,0.9543081017723968,24.0806734116455
CAACGATAGCCAACCC-2,23.938249666213636,4.75833666273247
CAACGATCACAGTGTT-2,-9.700725030074521,-2.735150523833987
CAACGGCAGTTAGTGA-2,-14.016281675709498,18.788199740978232
CAAGAGGAGTGTAGAT-2,29.314034903500232,-4.756612276888213
CAAGCTACACTAGGCC-2,-14.074270229225041,16.331853497327092
CAAGGGAGTGCCGGTT-2,22.78641370998411,4.605769043979245
CAATACGAGAGTACCG-2,-26.507226640324816,-9.022258432731213
CAATACGAGATGCTTC-2,-7.998142459441317,31.219295407389104
CAATACGAGTCACACT-2,13.557979996872383,13.77248707996895
CAATACGCATAGGTAA-2,-2.2036059172954325,25.00481726427423
CAATACGTCACAACCA-2,22.495075306505942,-17.957899115155158
CAATGACCAAGAGATT-2,-3.8106692534843103,31.88684206472757
CACAACAGTTGGAGGT-2,-15.28427803003572,-15.068531113511538
CACACAACATACAGAA-2,9.2107573858107,-7.625964938868411
CACACAACATCATCTT-2,11.254069345770525,-20.465092654149483
CACAGATCATACTGTG-2,-6.4821110050067485,-9.639396234320522
CACATGACACTGTCCT-2,15.11505712494719,12.00226070013858
CACATGACAGCCGGTT-2,29.174872293515875,-6.8324422746425135
CACCAAATCAAAGGTA-2,0.3581703503341308,27.084565200310923
CACCGTTCATGTCGTA-2,-7.148541017828453,-2.9936774629091336
CACGAATGTATCACGT-2,-7.382915957775117,-13.949292317593443
CACGTGGAGGCTCTAT-2,22.55137360627683,-4.820642657028739
CACGTGGTCAGTGTTG-2,-29.39514250864764,-10.382194051167705
CACTAAGCATCGCTAA-2,4.358506194646673,23.265247411954725
CACTGAAAGAATTGTG-2,29.865954926781246,-4.653282181364993
CACTGAACAGTCACGC-2,-15.622502182182174,-3.283831820542249
CACTGAATCCCAAGCG-2,3.254162888548221,-8.413845045968799
CACTGGGGTACGCTAT-2,-5.576295037967241,7.20557386298629
CACTTCGTCTTGGAAC-2,10.879425170118726,-16.707430869416772
CAGCAATAGATAGTCA-2,5.351141147016695,24.014601398584706
CAGCAATAGTTGGAAT-2,1.1431595731789799,3.844641259062532
CAGCACGAGGCACAAC-2,21.479334411607255,0.7785385659999781
CAGCACGCATCAGCTA-2,12.813048648967275,13.374163278943994
CAGCAGCAGTTGCATC-2,15.389720510216444,-18.923682753969988
CAGCCAGCATCAGCGC-2,15.981477735773224,10.266995413541654
CAGCGTGAGTTACGAA-2,26.530103704177588,-7.416495966725011
CAGGGCTAGGGAACAA-2,8.891333961304008,-17.508541585051322
CAGGTATTCATGCCAA-2,4.530001284956145,-13.696235703267826
CATAAGCAGAACCCGA-2,-14.100921283957481,0.025980162286819302
CATAAGCAGTGCGTCC-2,3.952400512595046,19.665053172025935
CATACTTAGGTCGTCC-2,-9.975653136523167,-2.0622760070731347
CATAGACTCTTCGTGC-2,13.154439049666587,13.092634322594224
CATCCCAAGATTGAGT-2,22.3854983878058,-4.517378386736331
CATCCGTTCGTGTCAA-2,-13.452028952139198,-13.05126613679693
CATCGTCCAAAGAGTT-2,-19.29416938908432,-4.205972593291005
CATGAGTTCACCTCAC-2,0.9724781127996501,-6.10240315023986
CATGCAAAGATGATTG-2,2.558848075142893,20.11145097160703
CATGCAATCCCAATAG-2,-3.496743184252955,-8.687554941824903
CATGCAATCCCGAACG-2,25.56669599184062,-8.340333693193045
CATGCGGGTATGTCAC-2,9.925670590879733,-21.43989761963628
CATGCGGTCTATACGG-2,-3.402349829850873,31.628709062527374
CATGCTCAGCCGTTAT-2,-13.088087110387173,-10.631202890353173
CATGGTATCACGGACC-2,-19.738059686929972,-3.309698373397891
CATGGTATCGCCGAAC-2,-1.9908818136530622,-8.480507116510486
CATGGTATCTATTCGT-2,-13.589324711531225,13.38462365583219
CATTGCCGTGAGATAT-2,-7.359514835052763,29.31478592737723
CATTGTTAGGTCGTAG-2,24.328649232824365,5.720244589256279
CCAAGCGGTAGCGCCT-2,-14.884512995553973,-7.258362885952555
CCAAGCGGTCATATGC-2,29.404760221511953,-3.2694655803297654
CCAATTTCACTAAACC-2,20.780454110275016,2.84155104187959
CCACAAACAGGCAATG-2,4.432451222913685,24.93444533281808
CCACAAACAGGTTCCG-2,29.11722127506416,-5.296601158970358
CCACACTAGACGATAT-2,0.21273115798614825,-8.547622539313743
CCACACTCAGAGAGGG-2,-3.823808410637458,7.837606797508689
CCACCATCAAAGGCAC-2,7.3993985272108596,20.571416772789707
CCATAAGCAGTCGAGA-2,21.484125136614118,-13.576796873896003
CCATAAGGTTCGAAGG-2,-13.641400256259317,15.130000440933188
CCATAAGTCTAGATCG-2,-7.238565637414306,2.139141083154463
CCATAAGTCTTCCTAA-2,-4.998926851107399,33.159997548510496
CCCATTGGTGAAGCGT-2,-25.144049592608376,-10.93372527814192
CCCTAACGTCGATTCA-2,-22.13526188757443,-15.794934921433015
CCCTAACTCAAGAAAC-2,8.36525603958632,-18.925620783222094
CCCTCAAAGCAGCCTC-2,-12.17392232784503,9.534774170268308
CCCTCAACACTTGTGA-2,26.2767456696838,-8.472630907282703
CCCTCTCAGTGAGGTC-2,-6.347608174310758,-5.974265501626373
CCCTGATCACATATCG-2,-27.111584794693876,-8.687440647036745
CCCTTAGAGACGCCAA-2,-18.07772033327591,-3.081254262838515
CCCTTAGTCAAGGACG-2,30.479597185769723,-3.225718049381323
CCGATCTTCGTTACCC-2,-20.992566602941423,13.834336862522802
CCGATGGTCACGACTA-2,1.8637247237429997,-1.895489522188845
CCGGACATCACAAGGG-2,-3.265367118693359,26.27682264922025
CCGGGTAGTCGTTTCC-2,-23.98447319514371,-15.867392059708889
CCGGTAGGTACGGTTT-2,2.574512990324503,-7.764744166994709
CCGTTCATCCCATGGG-2,28.970866090263907,-7.093724219028918
CCTCAGTTCACCGGGT-2,9.971005754862217,-6.499481610066072
CCTCCTCTCTACCACC-2,1.2763364506017842,1.3460617830960204
CCTCTAGAGGAATGTT-2,-8.600198317404944,-4.224463298598753
CCTCTAGTCTTGGTGA-2,-4.374685316078993,8.904827115098422
CCTCTCCTCGCGCTGA-2,0.721941900075929,-5.676339714034829
CCTGCATTCGCCGAGT-2,-2.716958328808128,27.760203893989694
CCTGTTGTCCTGTAGA-2,20.963704577633173,2.7984855886546356
CCTTCAGAGTACTCGT-2,-14.005812600508209,-7.043970378162815
CCTTCAGCAAGTGACG-2,-1.9113555596284149,-9.030730591287371
CCTTCAGTCCACTGGG-2,21.857711211101197,7.301465592028918
CGAAGGATCGCGAAGA-2,25.545420518903473,-8.050034326479027
CGAATTGAGACCATTC-2,16.53364942780814,-18.60422499135461
CGAGGCTCACATAGCT-2,0.1325964197505849,28.122690672105108
CGAGTGCGTCGCGTTG-2,-5.064846220160699,32.16717955881946
CGAGTGCTCTAGATCG-2,1.1364759121890802,23.989142989133757
CGAGTTACACCCTGAG-2,24.955846889427054,-1.7483055288588922
CGAGTTACAGGGCTTC-2,-1.7531552462738424,-8.545211401932768
CGATCGGAGTGGATAT-2,4.026355135068275,30.07926390756889
CGATCGGGTATCGAGG-2,-2.256074203458039,25.796599458071956
CGATCGGGTCAAAGTA-2,5.525693053940868,22.70423573567848
CGATGCGCATGGCGCT-2,25.252356892296998,-2.9037098034801794
CGATGGCTCCAAGCTA-2,0.8599205967148043,28.792330652916625
CGCATAAAGCCTAGGA-2,4.892569085069998,29.003839212767904
CGCATAAAGTCGGGAT-2,-15.061559292232602,-0.9808447987055264
CGCATGGCACAATTCG-2,1.2568387730807495,2.5648189904879133
CGCCAGATCATAGGCT-2,21.24474873980308,5.0785587171112825
CGCGTGAGTGAGTAAT-2,10.127695856697937,18.77663128577845
CGGAATTCACATTGTG-2,-14.543596832191056,15.327028514660075
CGGACACCAAGCTACT-2,-10.737021763058126,-1.981165383171363
CGGAGAACACTCAGAT-2,22.27708511795977,7.0067324416795085
CGGGACTCAATTGAAG-2,-2.9422590761959064,-6.579229434900945
CGGGCATGTGCCGGTT-2,21.06390899980422,5.312217617772749
CGGGCATTCAGAATAG-2,29.37844958257771,-4.210661008298247
CGTAAGTAGACCGTTT-2,21.390310863975703,0.7021852917351233
CGTAAGTAGTCGTTAC-2,-3.7769342805261363,-0.9306461413512278
CGTCAAAGTTCCTAGA-2,14.09168215846364,-17.286104147246956
CGTGCTTGTCGCACGT-2,21.44250822517806,3.2338976485235595
CGTTAGAAGGTAAAGG-2,-21.19365433858583,14.53161113281855
CGTTAGACACCTTCCA-2,24.916533687268746,-12.16961769834453
CGTTAGATCGCGTAGC-2,16.138532505563152,10.982436043406697
CGTTGGGGTTCTTGCC-2,-2.5175634047332025,27.187532801998803
CGTTGGGTCCATCGTC-2,17.420050455576835,-16.13003014446092
CTAACTTTCCATCCGT-2,29.83456932953268,-4.2862443710572675
CTAACTTTCTAACGCA-2,-26.532936110598914,-11.429111306412793
CTACATTCATCTCATT-2,-23.391397717589584,-12.401659140423897
CTACCTGAGTAGTCCT-2,24.226837382860896,-3.9251738227520665
CTACCTGGTCATCACA-2,-13.140813201399766,-6.558319197798883
CTACCTGTCTGACGCG-2,-14.012928306714343,-6.851959573528303
CTACGGGTCTCAAAGC-2,-16.970815868434272,-8.590215698667107
CTAGACACAGGTGTGA-2,27.439974326152424,-6.880351479455015
CTAGACAGTACGTACT-2,-10.271705133806993,-11.845907184707904
CTAGGTACAAACTCTG-2,-17.71660220220386,-2.584796428442282
CTAGGTACACCCATAA-2,1.0286287526976046,22.02358663562462
CTATCCGAGATCACCT-2,15.969405109424843,10.278707628999063
CTATCTATCACTTGTT-2,24.499750935803366,-9.50867300664766
CTATCTATCGGCTTCT-2,-7.6881868768078725,32.466850147145514
CTCAATTTCTTACTGT-2,-14.430818928157342,14.928166426844971
CTCACTGAGCTCCGAC-2,5.508797329316479,27.160071418392334
CTCACTGCAGCACAAG-2,22.459730705044766,-4.092564106285401
CTCAGAATCGACCTAA-2,-17.403941186007533,-8.777633333910009
CTCAGGGCAAGTTGGG-2,11.738212126956402,-5.580724282423133
CTCAGTCAGGATACGC-2,-18.225272876421844,-2.635635345109047
CTCAGTCAGTAAGACT-2,29.330918716858008,-6.717940430486207
CTCATGCAGCTTAGTC-2,-26.914504688577065,-10.551673847677424
CTCATGCAGTGCACAG-2,-8.071532109861367,-9.792397395693738
CTCATTACATGCCGCA-2,-15.429781414965447,15.154792211722313
CTCCATGCAAGCCCAC-2,-21.271875097621567,14.117922337524377
CTCCATGTCGTTCTCG-2,13.989456609740822,11.477865795848153
CTCCCTCCAACGGTAG-2,-15.092369239609669,15.213491897624483
CTCCCTCTCCAGCACG-2,-5.669124979594075,3.9286844852909417
CTCCGATCAATTTCTC-2,-13.673461116063361,15.421800090859776
CTCCGATCAGGTCCGT-2,13.00605928200731,13.786376680581775
CTCTCGAAGAGAACCC-2,16.044170154554827,-15.607482731887954
CTCTGGTAGGCGCTTC-2,1.7504717304379176,-7.053721569264282
CTCTGGTCACGCTTAA-2,-5.918376723367367,-8.61382639705357
CTCTGGTGTTCGTTCC-2,-6.201304552553351,7.197369639941201
CTGATCCAGATGGTAT-2,2.607025718974158,28.753337809917447
CTGCATCAGACCATAA-2,-0.11263397758931741,28.928802742728468
CTGCATCAGTGAGTGC-2,14.706725197035992,9.951069398477008
CTGCATCGTCTGTGAT-2,16.934225525648447,12.370144450248917
CTGCCATGTAATACCC-2,20.741275269331407,4.46350601091163
CTGCCTAGTATCGAGG-2,29.91240806262555,-6.0825089135100905
CTGCCTAGTCATACCA-2,21.810149387337376,-17.494801629764016
CTGCGAGAGAGCAAGA-2,-19.074625545765443,14.762319165617061
CTGCGAGTCAACACCA-2,-13.617519063889207,13.535547772106312
CTGGCAGAGACGCCCT-2,-14.155322903821475,14.963655976008452
CTGGTCTCACCATTCC-2,2.237375450972208,24.208290602570077
CTGTAGAGTTAGGGTG-2,29.539251161007535,-3.4276773918411076
CTGTGAATCAGGTGTT-2,-6.4935896320351905,3.78656195986954
CTGTGGGAGGTCACAG-2,6.215668126216854,24.933440959594293
CTTACCGGTCTAACTG-2,0.7912489510337537,26.873597948272284
CTTAGGAGTATGAAGT-2,-4.45818130583299,7.5914656460775
CTTCCTTAGACGTCCC-2,29.384187963327,-3.461379281966839
CTTCGGTAGCTCCCTT-2,5.08276678597023,21.070210959746873
CTTCGGTGTCGACTTA-2,24.04252837543785,-3.8832764202260677
CTTTCGGCACTTTATC-2,22.035646633066236,-0.6115370188597605
CTTTCGGCATACTTTC-2,23.55605561836782,-13.823295271473716
GAAATGAAGCATGATA-2,6.684692157050404,-12.904401584574517
GAAGAATAGAACGTGC-2,-6.601953092311556,-11.639197898749035
GAAGCCCCAAGGCTTT-2,-5.111988257051635,7.647454105604194
GAAGCCCGTACGCGTC-2,-12.606286374620394,-11.161191277718794
GAAGCCCGTGAGGAAA-2,-0.3950253043807043,-6.830953670121211
GAATAGAAGCCTGGAA-2,-21.78808880891595,14.143432386272595
GAATAGAGTCACAGTT-2,-3.5080531847861374,32.526223247841074
GACAGCCGTCATGACT-2,-3.579524888586749,27.055005479611285
GACATCAGTCAGACGA-2,6.8271563211561,-20.55622362448882
GACCCAGGTTGACTGT-2,5.724297793166281,-15.236842704978928
GACCCTTCATTACTCT-2,-13.487127552933952,-10.793876839359548
GACCCTTGTATAATGG-2,9.987453699519426,-17.06499547357172
GACCTTCAGTAGACAT-2,-22.73380428047544,-7.038406810541769
GACGCTGGTAGCTGAG-2,-9.633272731847576,-0.24272754548179454
GACGCTGGTTCCGCAG-2,11.041527661047022,-5.868208210235749
GACTATGGTCGTGGAA-2,-28.1617277680217,-10.561062918918106
GACTCTCAGCCGGAAT-2,-30.0936134201109,-10.160013452553262
GAGAAATCATTCAGGT-2,-21.685827847599118,13.975090470633944
GAGAAATGTCATAACC-2,-5.269863886817931,6.451465872876039
GAGAAATGTGATACTC-2,6.705490770742463,21.675006376823042
GAGAGGTGTTCAAGTC-2,19.677767010563816,7.705391099499077
GAGATGGAGTCTACCA-2,-6.813553704105853,30.708734776418584
GAGATGGTCGTTCTAT-2,-6.718010601201021,33.22427442339091
GAGCCTGGTTGTCTAG-2,6.122956992200639,-15.691732619691429
GAGCCTGTCATTCGGA-2,-15.09427881625954,-1.055918173055788
GAGCTGCGTAACAAGT-2,20.094562450386714,6.013561443522974
GAGTCATAGCGCCTAC-2,25.745816741319604,-9.571063163896243
GAGTCTAAGCTCTTCC-2,-5.880064173574914,3.7884450926740345
GAGTCTAGTTCACCGG-2,-4.8545587976789175,30.123562970384306
GAGTGTTGTACCTTCC-2,-19.442869652091,-9.079800119337039
GAGTTGTTCAAGGTGG-2,24.998175720533478,-6.597987914736867
GAGTTTGTCGAGCACC-2,-21.083395942025895,13.79481872155076
GATAGAATCTCTCTAA-2,0.5692850855230189,21.702178824516118
GATCACACACTCACTC-2,28.663510491653188,-5.436812747799738
GATCATGCAAACTCTG-2,-5.741858722282075,5.645513035963656
GATCGTAGTAGCGCTC-2,-8.68483887764284,3.2126892271669907
GATGAGGTCGTTCTCG-2,6.771185968602246,21.197856156071566
GATGAGGTCTCGAACA-2,9.824381106330971,-16.531222508376278
GATTCTTGTATTGACC-2,1.5798762921987883,25.555100639392816
GCAACATCAAGGTACG-2,-21.416068603981792,-8.18303511534241
GCAACATCACAGAGAC-2,21.058116297974607,5.631776410101539
GCACATATCTCATTAC-2,19.354338104457565,1.838639285918761
GCACGTGAGTCGGGAT-2,22.995409370169728,-6.861661544102661
GCAGCCACACATATCG-2,-2.302624856719724,26.072927253175294
GCAGTTACACAACGTT-2,23.269141160563493,7.588427784685487
GCATCTCGTGCTCTCT-2,16.54659685634165,-18.78572505185638
GCATGATTCTTTCCGG-2,26.088976030609103,-8.819043886166618
GCCAACGGTAAGGCCA-2,-13.93633808038148,18.093660777656908
GCCAGTGTCAAGGAGC-2,-21.006692538050935,-10.292775429249016
GCCATTCCACTATCGA-2,7.223778238983187,-18.64018939245095
GCCGATGTCGCCACTT-2,-4.25641732019777,33.00488503498876
GCCGTGACAGGAGGTT-2,3.2006191116929807,-8.711809882760738
GCGATCGAGATGGTAT-2,-3.5500759828230843,-0.07502816975229729
GCGATCGGTCTTTCTA-2,10.022654814530986,18.106885490522764
GCGGATCCATGGGCAA-2,8.670597163526578,7.492381763796127
GCGTGCATCTGCCTGT-2,-5.3310582975141765,32.71312932773167
GCTCAAAAGCTTAGTC-2,23.8821205985594,-0.7784065477661615
GCTCAAACAGGTACGA-2,-1.4666985283979943,27.31916672946228
GCTCAAATCCGCCTAT-2,16.29412530286564,12.872370910556745
GCTGCAGCACTGCTTC-2,-20.427459124382867,14.475157901532413
GCTGCAGCATATCTCT-2,6.079320477544753,21.23720256867257
GCTGGGTAGAGCAACC-2,-13.8074958147956,17.679926618919986
GCTGGGTGTACACGTT-2,-14.574383479236207,18.78093762031808
GCTGGGTGTCTCGACG-2,-25.968720771130272,-10.446441942853761
GCTGGGTGTTCCGGTG-2,-14.581148554272723,18.47524166157841
GGAATCTAGTGATAAC-2,5.503182245830547,26.17678782956061
GGACGTCCACGAGGAT-2,0.3712674406880932,-6.780264611065498
GGAGAACGTCCCTGTT-2,1.1752478492015743,24.83955341971768
GGAGCAATCCACCTCA-2,-21.869310254272847,-2.8600409349080316
GGATGTTAGGCGAACT-2,22.227930505695983,0.5934180440616326
GGCAGTCAGTGCCCGT-2,21.782048280030022,4.540815137705215
GGCGTCAGTTCTCTCG-2,-3.53774400305901,5.486474397940461
GGCTGTGAGCTAAGTA-2,-9.29329266086328,4.582439554862432
GGCTGTGCAAGGACAC-2,-0.3612191374938593,6.4154483292465985
GGCTGTGGTGACAACG-2,-0.9792796189690388,-3.744732861238149
GGCTTGGGTTTGGAAA-2,1.6886850968871758,29.12771209785762
GGCTTGGTCGTCAACA-2,9.42821620322782,18.51131573996326
GGGACAACATGAATAG-2,-14.670404878268476,17.36851350560427
GGGACCTCATCTAACG-2,-5.412661453278505,-3.524676636906593
GGGACCTTCAGTGGGA-2,-22.31551706445055,-9.257261225214762
GGGACTCCAAGATGGC-2,12.208254331340447,13.370421553783437
GGGACTCTCTTCGTAT-2,18.79961720082079,-6.361891703489872
GGGAGTAAGGTGCGAT-2,-2.876746359832901,31.80008667575449
GGGAGTACAGGTCAGA-2,-0.1435434990163498,-6.884525922705118
GGGATCCCAATCGCAT-2,-13.622476468993748,6.977501073702561
GGGCGTTGTCAGACGA-2,-4.149506878544841,29.99500334380607
GGGCTACTCAGCTGAT-2,20.145720343867342,7.075805661340389
GGGCTCAGTTAGGACG-2,-9.783166742073737,7.1731564251942785
GGGTAGATCAAGTGGG-2,-12.364147316746479,9.606781959182825
GGGTATTTCATGAGTC-2,-19.415461963268598,-6.629530440261577
GGGTGAACACTCCGGA-2,-28.079185512743507,-5.990923316241276
GGGTTATTCGGAGATG-2,19.559579257479147,2.034147564537221
GGGTTTAAGCCTGAAG-2,-13.732613576622823,17.160596623744837
GGTAACTTCGGTCTAA-2,21.38857527279743,-0.5804537109516383
GGTAACTTCTTGCAAG-2,4.270526868797993,30.40391564482891
GGTAATCAGCCGCTTG-2,25.746743454210044,-9.455906142665647
GGTAATCGTGCCCAGT-2,23.839894942849305,2.7109158827012942
GGTCACGTCAAGCTGT-2,-12.79824114192241,9.103429904116023
GGTCTGGGTATTTCCT-2,-0.30984760912490666,6.33445908742024
GGTCTGGTCTCCTACG-2,-20.41034888315563,-5.139045582930913
GGTGAAGAGGGCTGAT-2,15.244212664945884,-15.57757800979305
GGTGAAGCACGGCTAC-2,27.7131557144219,-3.8561109388742003
GGTGAAGGTTTAGAGA-2,2.206551559687325,28.388875363272515
GGTGATTCACGTGAGA-2,-21.01427040209693,-7.044088533942552
GGTGGCTTCACTGGGC-2,21.83408696733044,7.11446241781741
GGTGTTATCAAAGGAT-2,-29.942428058949886,-10.702444169315305
GTAACACGTGATTCAC-2,9.873692054399028,18.78678119906665
GTAACACGTTGGGAAC-2,6.030734788580574,26.85224069255048
GTAAGTCTCAGCTGAT-2,24.783707467776953,-8.006849587599309
GTACAACAGTCTAACC-2,-16.2468968675982,-7.414197351468644
GTACAGTCATAGTCGT-2,-15.278521537810592,17.086984540175802
GTACAGTGTAACAAGT-2,-21.0928623201256,-7.1961281711068175
GTAGAGGAGTTGGAAT-2,-13.522051042792977,16.681183826115802
GTAGGAGTCACTAGCA-2,-4.56051499992492,31.937452811656403
GTAGGTTCAACGACAG-2,-2.97868336230664,27.40418030320139
GTAGTACAGTCGCTAT-2,1.4192493445710532,28.81607839071761
GTATTTCAGGGTCTTT-2,9.604855706392065,14.168931144381869
GTATTTCCACGTACTA-2,-4.509593651011126,5.84187194147043
GTATTTCCATCTCGTC-2,-4.923998702337983,31.794776781583952
GTCACGGAGCGTCTCG-2,-14.027722398156767,7.4385815187480295
GTCACGGCAGCTGAAG-2,-9.79322620071868,-0.3740629304251347
GTCACTCGTCTGTGAT-2,-26.488406813527327,-6.857311190322819
GTCAGCGGTGTAGGAC-2,9.589641077270901,14.644705417713004
GTCAGCGGTTAAAGTG-2,-21.024103998485,13.507355801051103
GTCATGACATCCGAAT-2,27.78355439483921,-4.561073694670484
GTCATGAGTGGTCTAT-2,24.01492521908723,2.9267286982753133
GTCCCATAGATGAACT-2,-19.521418030752123,-10.18343834010604
GTCCCATTCCAACCGG-2,5.277923114972724,25.184147476129734
GTCGCGAGTTGCGAAG-2,-5.650343959875786,7.597128254562694
GTCGTTCAGCGCCTTG-2,-21.308151455263314,-8.92877019177771
GTCGTTCCAAGAATGT-2,24.00864987409953,-5.827526537052315
GTCTACCAGACGGTCA-2,15.588369846195045,-15.467748952681827
GTCTACCTCCCAGTGG-2,-0.12171777337843329,23.032204211202885
GTCTAGAGTCACTGAT-2,22.00677358088027,-16.04425384424826
GTCTCACAGTTAGAAC-2,-1.0327101880238743,-7.4640758480757565
GTCTGTCGTACCCAGC-2,21.664311548758544,5.76543010049263
GTCTGTCGTATAGGAT-2,7.858618908079661,-16.090876513526183
GTCTTTAGTTCGTAAC-2,22.70705926916056,2.412353038300901
GTCTTTATCGTCAACA-2,23.51954401724445,-7.308613162685938
GTGACGCGTCAGTCTA-2,23.00725858213829,3.8510867628543095
GTGAGGAGTTCAGGTT-2,-13.73704769730213,15.99901448368983
GTGAGTTAGGAGCAAA-2,4.621347216533893,24.15662290012209
GTGATGTCAAATGGAT-2,22.348828140989035,3.1875504385185853
GTGATGTCACAACGCC-2,-3.092924187552026,-5.556482797799084
GTGCACGTCCGATGTA-2,-8.677942976637448,-13.812676196273898
GTGCAGCGTTGATCGT-2,-9.309688539003094,7.553762584154924
GTGCAGCTCGCTTACC-2,-21.24010801864379,-8.97445985459254
GTGCAGCTCGTACACA-2,-9.890107678304142,-13.240512591695229
GTGCGTGAGAACGTGC-2,24.78692988140697,-9.024486260512267
GTGGAAGGTCTACACA-2,-14.560193288065577,19.018010337442988
GTGGAGAAGTTCTCTT-2,16.692877532285536,13.208451165803673
GTGGAGATCTGCATAG-2,0.5333460367660232,-8.068195355204157
GTGTGGCGTCATATGC-2,5.270284681487087,-6.853279694436067
GTGTTAGGTCACTCAA-2,22.06565771191228,6.070492060069932
GTGTTCCAGGTAGTAT-2,-8.052001361484882,33.05457294295774
GTTACAGAGTGGTTCT-2,-8.134850533925736,3.4165229453358448
GTTACAGGTGGCTGAA-2,-17.702203044980198,-4.315422633008801
GTTACCCCAGAGGTAC-2,-1.0103402962801282,27.66965502177438
GTTACGACACCCTTAC-2,10.150555014857188,-16.519929084982756
GTTAGTGTCCTACCAC-2,29.707126577788202,-6.004579925993432
GTTATGGAGAATTCAG-2,-7.232136231668468,-8.734150845121327
GTTATGGAGTGCTACT-2,22.60533740266901,7.271264351060519
GTTCATTAGAAGCTGC-2,-15.123435904573384,15.67725502070694
GTTCATTAGGCATTTC-2,-2.025901125782542,28.418179161462838
GTTCATTTCCTTGAAG-2,4.759989121974911,27.959646575526914
GTTCGCTTCCATAGGT-2,4.458061390980943,19.396365546955256
GTTCTATTCCTGTACC-2,-19.713687720662918,-10.14105487431127
GTTGCGGTCCCATACC-2,21.29862607469127,2.8424245625689615
GTTGTAGTCACAGTGT-2,-7.831661121956176,-11.667498035704547
GTTGTCCGTGCTTCAA-2,7.88988403983468,-16.58407414283448
GTTGTGAAGGTCGTCC-2,6.438022200225576,22.314842592833216
GTTGTGATCTTCCCGA-2,-8.827212025681334,4.799051275333911
GTTTACTCATCGAGCC-2,-6.944494821248582,33.74603529519662
TAACACGGTTCGTAAC-2,-6.056199176053244,31.806557846617387
TAACCAGCAAATGGTA-2,5.789309553918237,27.855024915791674
TAACCAGGTCTACTGA-2,4.037282063941221,28.843148880178
TAACGACCACTGAGGA-2,-3.8436730343832552,5.855255847926624
TAACGACTCTTAAGGC-2,6.919025064117495,-14.511369160607025
TAACTTCGTTGCTCGG-2,4.760999452176021,27.55588244428456
TAAGCACAGGAACGTC-2,4.526382572541805,19.352833621380817
TAAGCACGTCTCGACG-2,26.11042844840991,1.5540714080058713
TAAGCGTTCCATTTAC-2,21.591388857061496,1.9827426761570053
TAAGCGTTCTCAGTCC-2,-10.395923940905973,-8.939546735343091
TAAGTCGGTCAAACGG-2,-13.933529349060537,18.570974451740195
TAAGTCGGTTGGGAAC-2,22.702528852449596,1.6503774430126574
TAATCTCCACAGGATG-2,-13.75197428636986,17.70280133405482
TAATTCCAGCGCTTCG-2,22.99134547368812,-6.4566548802569494
TACAACGGTTGTTTGG-2,-21.199150135562476,14.340814988865814
TACCCGTCAGTCGAGA-2,11.002005613052358,16.234032418453797
TACCGAAAGATGAACT-2,-15.79171999848208,7.379386865343702
TACCTCGAGATGTTGA-2,-8.514505129493172,2.472023803801324
TACCTGCCACTACCGG-2,6.155040073970246,-14.726784673845605
TACGGGCAGGAGAATG-2,27.606820588788594,-3.819589629922588
TACGTCCAGGATACCG-2,30.291927427002296,-3.3948595419043177
TACGTCCGTACGCTTA-2,5.873767019750586,20.166771907699992
TACGTCCGTCATCTAG-2,0.745544995908164,23.629641516804995
TACTGCCGTGAGTAGC-2,1.5434805335075614,28.95308637563344
TACTTACGTGGATCAG-2,27.21987592462647,-6.438748212589771
TAGACCATCGTAGTGT-2,-10.621470762495605,-13.896530457086932
TAGACTGGTCCGGACT-2,-23.847888978975135,-7.809150176297437
TAGGAGGCAAGAGATT-2,-13.632068670792764,19.175358338411638
TAGGGTTCACTCACTC-2,-14.112818335873222,14.677319784119547
TAGTGCAAGCTCCACG-2,-15.511369572426974,-3.506054286460697
TAGTGCAGTGCCCACA-2,3.7202334321572823,-8.928240857449822
TATATCCAGCATGAAT-2,-17.94228217975404,15.186032499621389
TATCCTAGTTCGGCTG-2,11.739809462204926,12.99994062144631
TATCGCCGTCTCGGAC-2,7.129613294411333,24.04286007539584
TATCTGTAGCGAGTCA-2,2.2695043921148152,29.08615910053947
TATCTGTCATAGGAGC-2,8.275156280752235,20.37313804895244
TATCTTGAGAAATTCG-2,5.613364467375342,-12.03684967002414
TATCTTGAGACCTGGA-2,-21.024836983827527,-7.045796140319662
TATGTTCGTTAAGACA-2,-13.746848323720947,18.30258420593302
TATGTTCTCCAATGCA-2,-2.6469896274436935,26.145898949415024
TATTCCAAGTAACGAT-2,-7.644816531771709,-11.285746639695843
TATTCCAGTCGGCACT-2,23.411252474411754,3.2862914765975497
TCAAGACTCCCGAATA-2,-1.045398640974434,6.7879931570249665
TCAATCTAGTAATACG-2,-6.167040614189074,3.480863508200576
TCAATTCTCGTTAGTG-2,-4.94895920296607,4.649631666074375
TCACACCAGTCTTCGA-2,6.386637262807426,-6.866918917515251
TCACATTTCGAGCCAC-2,-10.60363779538463,-14.390711900896447
TCACTATCAGCTTTGA-2,21.935245488388958,-4.804696177920979
TCAGCCTGTCTATGAC-2,3.9931387708801402,2.481318007177049
TCAGCCTGTTCCAGGC-2,25.404177455735162,-6.632665979135767
TCAGGGCTCCAACCGG-2,22.05817667607898,-3.959531707975681
TCATACTAGAGAGCGG-2,19.26068198885817,-15.910944325526186
TCATATCCAGTGGCTC-2,3.3814944931675273,2.379601664004116
TCATCATTCGCCATAA-2,-1.3952748758579119,25.254064144350806
TCATCCGTCCGAGAAG-2,5.8836841220166605,20.681057858672666
TCATTGTAGGTCCCTG-2,28.263899444918096,-6.086806320104379
TCATTGTTCACCATCC-2,-29.34394271290235,-8.552354084426273
TCCACCAGTACTGCCG-2,20.944496168411916,-9.754120640663144
TCCATCGGTTTGACAC-2,1.5126863434049642,2.517549528517668
TCCCATGGTTGATCGT-2,-32.07783661902687,-11.169810647938037
TCCGAAAAGCATGTTC-2,0.7134652403825876,-6.1179812512285245
TCCGTGTCACTTACAG-2,5.431933810558419,22.83011145344477
TCCGTGTGTTAGGACG-2,-6.32469616714308,31.25834308909615
TCCTCGACAACTGATC-2,-4.979775382602077,-9.464823328398808
TCCTCGACAATTGCAC-2,-23.00345392026711,-6.042229108353526
TCCTTTCGTCGCAACC-2,1.1377644467327404,24.592614783608443
TCCTTTCGTGCCTAAT-2,-20.259761503067264,-8.103735476547323
TCGAACAGTTGATGTC-2,-5.269588999609092,-10.05642860080362
TCGAACAGTTTCGGCG-2,14.58536142053117,13.296562295059738
TCGATTTGTGGCTCTG-2,7.602863802982853,-13.320686690563852
TCGATTTTCGAGTACT-2,7.0023756772566985,15.930632331796561
TCGCACTCAAATACAG-2,23.65143377438395,-0.45235493231844387
TCGCAGGAGGATATAC-2,-26.524568059118163,-6.181842400838375
TCGCAGGTCGAGCCTG-2,-0.07338354770925153,26.902020529402265
TCGCAGGTCGTCAAAC-2,-0.23515768549272045,23.672196136976297
TCGCTCATCCATTGGA-2,-14.15888343446716,18.946219659833467
TCGCTTGAGCACTCTA-2,-7.273885526135372,4.190470443254892
TCGCTTGTCGTCTACC-2,-8.225907765836311,-4.708713647744979
TCGGGCAAGAGACAAG-2,21.242012057835794,-5.076423724293215
TCGGGTGGTTGAGTCT-2,-7.047669007892957,31.701260558170972
TCGGTCTGTTCTCTAT-2,24.23187320393414,-1.2922423699230339
TCGTAGAAGTAAACAC-2,20.438554205320738,6.382079667118014
TCGTAGAGTTCGTACA-2,28.461880229805015,-5.637777518664457
TCGTAGATCTCGGCTT-2,4.926208085425988,27.62517643312204
TCGTCCAGTCAGGAGT-2,20.450183865485826,-6.9068962719710845
TCGTCCATCAAGAGTA-2,-12.828609273418285,-12.235347921649845
TCGTGCTCAGGCCTGT-2,-28.88380654411766,-11.131377190363118
TCTAACTAGCTTAGTC-2,4.666000074123332,20.673105920461797
TCTACCGAGTGGTTAA-2,-11.957974301332131,9.132710597604364
TCTATACAGTTGAATG-2,25.01655711574097,-9.63550966649262
TCTATCATCGATTTCT-2,2.9899978398651865,26.82767999215316
TCTCAGCTCGCTTTAT-2,-13.63956196297687,-7.295464034511433
TCTCCGAAGCCAGACA-2,-17.99417966057598,-7.316051383201753
TCTGCCAGTGGGTATG-2,15.078661379055445,-10.088837617192938
TCTGTCGGTCGTTGCG-2,14.936408372619193,11.541749913570104
TCTTAGTTCGGTAAGG-2,6.286590642437685,21.740690894907527
TCTTCCTTCAAGTCTG-2,22.438548836181614,2.9817170675784572
TCTTGCGGTCGGTAAG-2,1.4288893825233477,22.829716702649296
TCTTTGACATATGGCT-2,17.12541086085111,11.470472908740877
TGAATCGCAATGCAAA-2,1.2976933054194617,28.999373504982447
TGAATCGCAGTCAGTT-2,2.182530092987489,28.9179009681337
TGAATGCGTTTGCAGT-2,23.08040014680715,7.087986575345679
TGACAGTAGACTGAGC-2,1.7826353745781798,0.5218225264724352
TGACCCTTCAGGAAAT-2,-6.191513293527558,-12.77103420590335
TGACTCCCACTATGTG-2,-0.1588272287985185,-7.193641671042158
TGACTCCTCATTCTTG-2,24.210820828774605,-7.726241214670419
TGAGACTCATTGAAGA-2,-23.170286699479142,-11.37631230043739
TGAGCATAGATTGTGA-2,30.204338716651307,-3.6202109554917254
TGAGCATCACAACGTT-2,-5.981291848882257,6.399203174583472
TGAGCGCAGTAACAGT-2,4.366569082055201,2.591134286806829
TGAGCGCCAATAGGAT-2,19.94175126136611,1.9500998833007854
TGAGGAGCACTTCAGA-2,-5.4848821366415415,8.818490631861724
TGATCAGCACGCGCTA-2,3.7116560242704115,-10.69542098733865
TGCATCCTCGCCGATG-2,-20.171207877355865,-3.8922407159515977
TGCATGAAGAAACTCA-2,-9.550045098708342,-1.0765745313970072
TGCGGCAGTGCATGTT-2,-3.7732413512896157,7.217072180353352
TGCGGGTGTCACCTTC-2,-16.95833371647011,15.092101845023604
TGCTCGTAGCAACAAT-2,-15.432888268630363,-12.232641408040653
TGCTGAAGTGGAAATT-2,-15.444888937231568,15.887769227488384
TGCTTCGTCCTCGATC-2,22.97975700295933,1.1294999987971248
TGGCGTGGTTGCTCCT-2,-7.2942250516171985,31.97579764857591
TGGGAGACATGCCGGT-2,20.591046892405114,5.474341229609256
TGGGTTAAGTTCCGGC-2,-16.863288664975457,15.97326705594681
TGGTAGTAGAATCGAT-2,-18.81576966509549,-8.607235501678474
TGGTAGTTCGCATAGT-2,18.23501012574009,4.1013488098186315
TGTAACGAGGTAGGCT-2,-4.2397722793247725,6.493071095824806
TGTACAGAGCCAGACA-2,10.499506765953251,-16.526198115758447
TGTACAGAGTCCTGCG-2,-4.553584669498245,-7.818044086710632
TGTACAGGTGAGCAGT-2,10.05501200764942,-17.91737495502172
TGTAGACGTCGAAACG-2,-19.425557545731756,14.589661655023072
TGTCAGAAGCCAACCC-2,5.713729646270301,25.34364469456523
TGTCCACTCCTGGTCT-2,22.383251931498616,3.232840815408115
TGTCCACTCTACCCAC-2,-13.585348111343707,-14.43938565069368
TGTCCTGCAATCCTTT-2,-22.653081381269686,-7.54713605916141
TGTCCTGTCAACGCTA-2,-13.576705396181708,16.406809100787246
TGTCCTGTCCTCTTTC-2,-3.9982469200195196,-8.775968646031897
TGTGAGTGTGGACAGT-2,-3.7717228057542593,26.416471099434926
TGTGATGGTACCTGTA-2,9.543584955436666,19.21214233134276
TGTGGCGAGTTCTACG-2,-29.48451032847052,-9.366653807634687
TGTGTGAAGGGATCTG-2,23.13525488356084,3.62244257561586
TGTTACTCAGATACTC-2,21.017544336165802,1.1361504582867843
TGTTCATCACGGGTAA-2,-6.252311388294183,26.820613255470292
TGTTCTATCCACGTGG-2,1.3652388984886297,27.799021066709184
TTACAGGCAACTTCTT-2,29.509299025991567,-6.865813180813076
TTACCGCAGCCGTCGT-2,23.163054064743186,7.3403412743304255
TTACCGCCAAAGTGTA-2,23.78302508098491,-7.0175425233401265
TTACGTTAGTCCCGGT-2,-14.379090135635243,18.603744839317667
TTAGGCAAGATAGGGA-2,-13.396563388281697,8.78800391140955
TTAGGGTGTAGCTTGT-2,7.377325721790193,-11.150042990856486
TTAGGGTTCACGGAGA-2,8.290793674421463,-14.028172886844743
TTAGGGTTCCCAGGCA-2,5.487042948903223,-14.528722004199851
TTATTGCGTTGAATCC-2,11.899878610529393,-9.367283424806526
TTATTGCTCATTCTTG-2,-3.3289115680993526,26.829270106548922
TTCACCGGTACAAACA-2,7.6361078227778805,-12.477748206070988
TTCAGGACAGTACTAC-2,2.854872896063021,4.798799848287869
TTCATGTGTGAGCGAT-2,23.2669041565522,-13.937392984950584
TTCATGTGTTTCGCTC-2,24.42716503558729,-4.556105903457585
TTCATTGAGAGGTATT-2,25.608000443211825,-7.03117467947877
TTCCAATCACATCATG-2,-10.902766249005188,6.282497929674802
TTCCAATTCGAGAACG-2,2.964147617814628,27.675025413962185
TTCCACGGTAGACACG-2,-15.16583739340015,-6.927031320973258
TTCCACGTCGGATAAA-2,5.543022079448387,6.661929081858747
TTCCTTCGTAGGTGCA-2,-5.229448134674675,33.23734479139648
TTCCTTCGTCTACGTA-2,14.9860954741285,13.177758006762586
TTCCTTCGTGTTCGTA-2,7.069905539050294,21.06668443691389
TTCCTTCTCCGTTGAA-2,-14.351265747570025,16.255566023119798
TTCGATTTCAGAGTGG-2,6.0856010158751985,-13.135444503471124
TTCGCTGGTGTTACAC-2,-18.319803231306725,15.312966533813018
TTCGGTCTCATTGAGC-2,0.1313557920325745,24.358566805437274
TTCTAGTGTCGGCACT-2,-5.406718378696656,7.284822465421486
TTCTTGACAGCAAGAC-2,-29.099642506912875,-7.938179831798768
TTGAACGCAATCGCAT-2,-6.761265291337606,32.308744143152396
TTGAACGGTTCTCCCA-2,-31.908046942980157,-11.35558927378962
TTGAACGTCTCAATCT-2,-17.34936013581045,-4.5150529000655295
TTGACCCGTCATAGTC-2,25.19990090288109,-8.632910688941783
TTGACCCTCATTATCC-2,25.28337404154194,-7.9339791085375175
TTGCCTGAGTCCCAAT-2,-0.015801530546863344,6.194601202131798
TTGCGTCAGATACGAT-2,-3.9864113637949554,28.50676058900174
TTGGATGAGCGACTTT-2,-14.812977087952929,-7.0492905509396895
TTGGATGAGGTAAGAG-2,4.610362196684246,-9.109990371925077
TTGGATGCAAATGGTA-2,-23.712786773855548,-6.66055992977722
TTGGGATCACCAGTAT-2,-7.7888940513767,-13.939303124897576
TTGGGATTCGTTTACT-2,-1.998082534932269,26.42361377456688
TTGGGCGGTACTCGCG-2,22.520828153112976,1.0905361190837712
TTGGGCGGTCCCACGA-2,-6.273076786933397,5.399921813907222
TTGGGCGTCTTCACGC-2,-19.41274335731334,-12.038386007407016
TTGGGTACAGTCGAGA-2,-6.98571079784301,33.41909655016698
TTGGGTATCCATCGTC-2,22.42720508367824,0.43204105424431744
TTGGTTTCATATACCG-2,17.219006538477217,10.690039269769313
TTGGTTTTCTATTTCG-2,-14.520313080570928,18.14225753326939
TTGTTTGAGGCACCAA-2,-1.6205469717531806,-3.956670026511628
TTGTTTGGTGGCTGCT-2,10.259001700391085,-12.761249651275518
TTTACCAGTGGTTTGT-2,-18.274075852521943,-7.531967309950644
TTTACCATCTAGTACG-2,-10.724293491566424,6.788315151776324
TTTACGTAGTTTGGCT-2,4.171981792509217,30.401725929887682
TTTAGTCGTCTCGACG-2,-3.5589470496740256,30.264297845100717
TTTATGCCACCTGCAG-2,-15.882735560454355,7.383503345607457
TTTCACACAGCCATTA-2,-13.985762232957475,16.010619313565503
TTTCACAGTAAGTTGA-2,-6.957764308246031,4.009651720504203
TTTCACAGTAGGCAAC-2,-20.472636305026356,-5.474144407160969
TTTCATGAGACCACGA-2,-4.135473444533717,31.582394277737404
TTTCCTCCAAGTATCC-2,-6.658823825980551,-5.009235741299361
TTTCGATCAAAGGCGT-2,6.652287843854246,24.16542010316553
TTTCGATGTTCGTACA-2,-7.306792973102321,29.09125670133108
TTTGATCTCCTCTCGA-2,26.656409257446185,-8.684336473406892
TTTGGAGCACGTCGTG-2,13.385001163076408,-8.739962857902754
TTTGGAGCACTAGAGG-2,-17.850588037278165,15.321548275707048
TTTGTTGCAAGGTCAG-2,-7.6978434588033124,-13.329067870704371
TTTGTTGTCAAATGCC-2,8.721361331390678,-16.60011376026328
