"","p_val","avg_log2FC","pct.1","pct.2","p_val_adj","cluster","gene"
"aqp-2",1.60399124366362e-144,1.101134847913,0.676,0.45,3.03330784089228e-140,"1","aqp-2"
"nlp-77",3.99964423036899e-97,1.61368311656601,0.453,0.279,7.5637272040508e-93,"1","nlp-77"
"col-74",4.74087555521605e-10,1.07882363044794,0.26,0.201,8.96546976246907e-06,"1","col-74"
"cest-17",0,1.87972039112936,0.253,0.042,0,"19","cest-17"
"F14B4.1",0,1.71941683406901,0.26,0.041,0,"19","F14B4.1"
"K10D3.4",2.62803314359096e-246,1.347846265484,0.252,0.066,4.96987347784487e-242,"19","K10D3.4"
"C14B9.2",3.84080128589934e-197,1.7069839149048,0.275,0.091,7.26333931176424e-193,"19","C14B9.2"
"T02E9.5",3.39556089019835e-178,1.91684762869938,0.462,0.233,6.42134519945409e-174,"19","T02E9.5"
"enpl-1",1.56742525280775e-142,1.58957014605868,0.481,0.263,2.96415789558474e-138,"19","enpl-1"
"lam-3",9.40886624457196e-141,1.32994183663396,0.297,0.12,1.779310695511e-136,"19","lam-3"
"F46E10.2",1.36381291118883e-190,1.05709061702812,0.357,0.122,2.57910659634919e-186,"21","F46E10.2"
"cyn-6",4.20380580571723e-180,1.29520693525897,0.322,0.11,7.94981715919185e-176,"21","cyn-6"
"clec-196",1.31606348531206e-148,1.39929231634307,0.36,0.145,2.48880765707364e-144,"21","clec-196"
"lam-31",2.31531138276448e-107,1.06596090025256,0.289,0.121,4.37848535594591e-103,"21","lam-3"
"ttr-50",7.85899051431741e-102,1.31895940797135,0.596,0.357,1.48621369616257e-97,"21","ttr-50"
"sym-1",7.77305539717624e-92,1.5513329849605,0.25,0.111,1.46996250616e-87,"21","sym-1"
"F53B3.5",4.80025932324756e-79,1.03167522500695,0.264,0.123,9.07777040619345e-75,"21","F53B3.5"
"noah-1",1.82169560906255e-67,1.23718771873313,0.313,0.168,3.44500856629819e-63,"21","noah-1"
"noah-2",1.12139377013699e-61,1.07767076097118,0.286,0.152,2.12066775870606e-57,"21","noah-2"
"txdc-12.1",3.04020674821266e-59,1.08234976378722,0.294,0.161,5.74933498154495e-55,"21","txdc-12.1"
"dao-2",1.59516289103238e-43,1.2513274325369,0.445,0.293,3.01661254323133e-39,"21","dao-2"
"dpy-14",1.68745582942748e-15,1.0677587420716,0.606,0.525,3.1911477190303e-11,"21","dpy-14"
"D2092.4",0,1.0037481380343,0.257,0.046,0,"23","D2092.4"
"pat-2",1.32698064004646e-294,1.01309392516126,0.318,0.077,2.50945308839187e-290,"23","pat-2"
"test-1",4.62832951031756e-221,1.08651766512543,0.357,0.112,8.75263393696153e-217,"23","test-1"
"let-2",6.28202828676175e-207,1.48886139969062,0.417,0.161,1.18799436930951e-202,"23","let-2"
"emb-9",6.39709209306463e-205,1.22569332651373,0.413,0.152,1.20975408571945e-200,"23","emb-9"
"mig-6",7.1167923836013e-157,1.20715543470113,0.353,0.133,1.34585660766284e-152,"23","mig-6"
"aqp-21",1.74635608498887e-128,1.03381565611194,0.713,0.455,3.30253399232246e-124,"23","aqp-2"
"ost-1",1.59472247816704e-117,1.58070012530254,0.606,0.387,3.01577967846169e-113,"23","ost-1"
"clik-1",1.22431505237215e-72,1.161709252581,0.47,0.283,2.31530219554096e-68,"23","clik-1"
"cht-1",1.73947997799241e-112,1.21402649925327,0.425,0.211,3.28953058638146e-108,"25","cht-1"
"clec-266",1.71497588749712e-111,1.07612411515142,0.555,0.315,3.2431909008458e-107,"25","clec-266"
"sym-11",2.06880218826297e-100,1.45538545581241,0.265,0.11,3.91231181822409e-96,"25","sym-1"
"epi-1",9.30214585964327e-91,1.01220895248716,0.274,0.117,1.75912880351714e-86,"25","epi-1"
"noah-11",1.60727879657997e-38,1.00971603201853,0.284,0.169,3.03952493221238e-34,"25","noah-1"
"F30H5.3",0,3.88879285182535,0.568,0.034,0,"29","F30H5.3"
"pqn-73",0,3.70656987098813,0.689,0.047,0,"29","pqn-73"
"K10D3.41",0,3.67113017726152,0.603,0.06,0,"29","K10D3.4"
"K04H4.2",0,3.58324274099618,0.613,0.066,0,"29","K04H4.2"
"F14B4.11",0,3.48946986895758,0.513,0.038,0,"29","F14B4.1"
"F40E10.5",0,3.45769764242678,0.29,0.026,0,"29","F40E10.5"
"R02F11.1",0,3.44390477165287,0.587,0.08,0,"29","R02F11.1"
"cyn-17",0,3.35057184663532,0.309,0.02,0,"29","cyn-17"
"F56D2.3",0,3.077591246636,0.534,0.019,0,"29","F56D2.3"
"lgc-27",0,3.07489575180276,0.539,0.035,0,"29","lgc-27"
"F56C9.8",0,3.0564712305896,0.541,0.049,0,"29","F56C9.8"
"C23H3.9",0,3.0522008047362,0.257,0.019,0,"29","C23H3.9"
"Y37D8A.16",0,3.03973357522578,0.682,0.093,0,"29","Y37D8A.16"
"abu-14",0,2.99691893302438,0.413,0.093,0,"29","abu-14"
"R09E10.5",0,2.93792262543782,0.534,0.035,0,"29","R09E10.5"
"F57B1.6",0,2.88730181320967,0.351,0.014,0,"29","F57B1.6"
"C25F6.7",0,2.85682519733684,0.502,0.027,0,"29","C25F6.7"
"pqn-13",0,2.81253056955859,0.361,0.029,0,"29","pqn-13"
"F48E3.8",0,2.80793271938979,0.345,0.014,0,"29","F48E3.8"
"lgx-1",0,2.7401327966656,0.351,0.019,0,"29","lgx-1"
"W06F12.2",0,2.73692167107268,0.531,0.038,0,"29","W06F12.2"
"C14B9.21",0,2.71636348283419,0.506,0.087,0,"29","C14B9.2"
"plpr-1",0,2.6690016117894,0.496,0.015,0,"29","plpr-1"
"cdh-5",0,2.64742099949913,0.39,0.011,0,"29","cdh-5"
"elo-6",0,2.64382530606679,0.375,0.02,0,"29","elo-6"
"enpl-11",0,2.62410603479825,0.746,0.259,0,"29","enpl-1"
"chs-2",0,2.55085338860954,0.296,0.016,0,"29","chs-2"
"agr-1",0,2.49825755597683,0.285,0.036,0,"29","agr-1"
"T22B11.4",0,2.32530682967358,0.347,0.011,0,"29","T22B11.4"
"F09E10.6",0,2.31209275133478,0.289,0.011,0,"29","F09E10.6"
"ncx-2",0,2.2998350667118,0.308,0.029,0,"29","ncx-2"
"ugt-57",0,2.28548501541309,0.337,0.021,0,"29","ugt-57"
"T12G3.4",0,2.23015026174207,0.361,0.039,0,"29","T12G3.4"
"inx-6",0,2.19430081136153,0.259,0.013,0,"29","inx-6"
"nmgp-1",0,2.17567944605897,0.37,0.022,0,"29","nmgp-1"
"cest-171",0,2.1523798574128,0.375,0.041,0,"29","cest-17"
"T24F1.7",0,2.13789083314627,0.294,0.026,0,"29","T24F1.7"
"lron-2",0,2.03343510317112,0.277,0.015,0,"29","lron-2"
"F26F12.4",0,1.96089181942983,0.364,0.021,0,"29","F26F12.4"
"F26E4.7",0,1.92244566737915,0.375,0.022,0,"29","F26E4.7"
"clec-78",0,1.912457841278,0.415,0.041,0,"29","clec-78"
"F26F2.8",0,1.8934371956722,0.367,0.017,0,"29","F26F2.8"
"C45B11.6",0,1.88342083080207,0.25,0.014,0,"29","C45B11.6"
"let-522",0,1.87717036749478,0.523,0.072,0,"29","let-522"
"ncam-1",0,1.85300960904546,0.389,0.063,0,"29","ncam-1"
"phg-1",0,1.83613558535411,0.25,0.017,0,"29","phg-1"
"pdi-6",0,1.82567002077359,0.657,0.227,0,"29","pdi-6"
"ZK836.3",0,1.73896633185741,0.35,0.026,0,"29","ZK836.3"
"apl-1",0,1.73288764451633,0.797,0.195,0,"29","apl-1"
"ZK899.2",0,1.71538373218466,0.347,0.044,0,"29","ZK899.2"
"F31E3.12",0,1.7004486279158,0.252,0.021,0,"29","F31E3.12"
"F35H10.10",0,1.69602823971651,0.365,0.039,0,"29","F35H10.10"
"ZK512.1",0,1.69209458476987,0.382,0.045,0,"29","ZK512.1"
"F01F1.15",0,1.66217289701921,0.435,0.048,0,"29","F01F1.15"
"ina-1",0,1.63794262629839,0.425,0.067,0,"29","ina-1"
"igcm-1",0,1.56535865046048,0.301,0.031,0,"29","igcm-1"
"prmn-1",0,1.56299355614836,0.258,0.018,0,"29","prmn-1"
"dnj-27",0,1.55126198273767,0.384,0.052,0,"29","dnj-27"
"F58D5.2",0,1.53642788496524,0.258,0.02,0,"29","F58D5.2"
"lron-8",0,1.50492808919879,0.294,0.03,0,"29","lron-8"
"dep-1",0,1.49101449125321,0.374,0.044,0,"29","dep-1"
"egl-19",0,1.4452659978144,0.307,0.044,0,"29","egl-19"
"F11E6.8",0,1.41823957739526,0.263,0.016,0,"29","F11E6.8"
"D2005.6",0,1.39622749918193,0.252,0.024,0,"29","D2005.6"
"hyl-1",0,1.37763041972358,0.363,0.043,0,"29","hyl-1"
"F56A8.9",0,1.34546976670954,0.262,0.02,0,"29","F56A8.9"
"T13H5.6",0,1.33860325817817,0.277,0.027,0,"29","T13H5.6"
"atgp-1",0,1.33322454076783,0.349,0.078,0,"29","atgp-1"
"lam-32",0,1.32626753784577,0.475,0.118,0,"29","lam-3"
"ajm-1",0,1.29513408201072,0.718,0.213,0,"29","ajm-1"
"wsp-1",0,1.28066084202138,0.293,0.038,0,"29","wsp-1"
"F07C3.9",0,1.24165005823644,0.333,0.045,0,"29","F07C3.9"
"bli-4",0,1.23871216737128,0.262,0.038,0,"29","bli-4"
"C06B8.7",0,1.23430803800229,0.311,0.043,0,"29","C06B8.7"
"sup-37",0,1.18374261639795,0.444,0.086,0,"29","sup-37"
"ile-1",0,1.15136133726738,0.333,0.058,0,"29","ile-1"
"lrp-1",0,1.14734195833831,0.413,0.097,0,"29","lrp-1"
"crld-1",0,1.13469197885212,0.333,0.058,0,"29","crld-1"
"lat-1",0,1.11641661812154,0.33,0.061,0,"29","lat-1"
"ttyh-1",0,1.09393777133872,0.447,0.095,0,"29","ttyh-1"
"rig-4",0,1.08943537171894,0.379,0.075,0,"29","rig-4"
"C15H9.9",0,1.08457097094015,0.392,0.096,0,"29","C15H9.9"
"ric-3",0,1.05500727484281,0.367,0.075,0,"29","ric-3"
"abts-1",0,1.03757797719973,0.422,0.101,0,"29","abts-1"
"nduo-4",9.79338963412936e-294,1.05407252451079,0.646,0.225,1.8520279137102e-289,"29","nduo-4"
"tnc-2",1.92889329803343e-290,1.38621640376787,0.299,0.064,3.64773011591101e-286,"29","tnc-2"
"nduo-1",1.03957878081634e-286,1.14501932554769,0.693,0.259,1.96594743240178e-282,"29","nduo-1"
"hsp-3",7.73743989472823e-268,1.21749511938278,0.707,0.291,1.46322725849206e-263,"29","hsp-3"
"nduo-6",1.91240172449114e-267,1.27555057593716,0.909,0.523,3.61654290118519e-263,"29","nduo-6"
"mxt-1",2.64513268160686e-252,1.70188095766263,0.255,0.056,5.00221041418674e-248,"29","mxt-1"
"ctc-3",2.29366687333699e-249,1.23063811893818,0.869,0.452,4.33755342416759e-245,"29","ctc-3"
"F13E9.11",4.92007706947297e-249,1.03402855097715,0.386,0.109,9.30435774608034e-245,"29","F13E9.11"
"unc-52",7.176689419651e-246,1.50714680674887,0.416,0.127,1.3571837361502e-241,"29","unc-52"
"EEED8.2",8.6280886387308e-238,1.01243395335668,0.433,0.135,1.63165784247038e-233,"29","EEED8.2"
"ketn-1",8.44921545965718e-232,1.05680555979476,0.284,0.069,1.59783113557577e-227,"29","ketn-1"
"let-805",1.40604557442099e-201,1.08204920177151,0.295,0.08,2.65897278578754e-197,"29","let-805"
"T02E9.51",6.90800836897946e-196,1.62317188624505,0.548,0.233,1.30637346265771e-191,"29","T02E9.5"
"ctc-2",2.65152233573209e-188,1.00113337295399,0.864,0.468,5.01429388910296e-184,"29","ctc-2"
"atp-6",7.98688333895832e-175,1.07788666348602,0.889,0.56,1.51039950823041e-170,"29","atp-6"
"hil-7",2.13390009242706e-117,1.20417823599672,0.973,0.847,4.0354184647888e-113,"29","hil-7"
"T03F1.11",6.0310100150163e-79,1.54435645650868,0.312,0.141,1.14052430393973e-74,"29","T03F1.11"
"npa-1",0,4.14979037932378,0.867,0.057,0,"30","npa-1"
"asp-1",0,3.94468885565321,0.856,0.085,0,"30","asp-1"
"lec-9",0,3.66649348586578,0.796,0.076,0,"30","lec-9"
"asp-3",0,3.5715650111869,0.764,0.031,0,"30","asp-3"
"nep-17",0,3.4365961043754,0.72,0.026,0,"30","nep-17"
"Y119D3B.21",0,3.40331576398478,0.714,0.062,0,"30","Y119D3B.21"
"ctsa-1.2",0,3.19585028552322,0.393,0.013,0,"30","ctsa-1.2"
"F19C7.1",0,3.12066238424453,0.612,0.02,0,"30","F19C7.1"
"asp-5",0,3.09172526878813,0.664,0.02,0,"30","asp-5"
"K06G5.1",0,3.08661141152721,0.75,0.023,0,"30","K06G5.1"
"spp-5",0,3.07860590519761,0.711,0.025,0,"30","spp-5"
"ifp-1",0,3.05358489110036,0.672,0.027,0,"30","ifp-1"
"irg-7",0,3.03652891017825,0.599,0.016,0,"30","irg-7"
"Y34B4A.6",0,3.03411278148774,0.654,0.017,0,"30","Y34B4A.6"
"F57F4.4",0,3.00745066453038,0.674,0.069,0,"30","F57F4.4"
"ctsa-2",0,2.98775369436765,0.618,0.014,0,"30","ctsa-2"
"lec-10",0,2.97430424051583,0.634,0.026,0,"30","lec-10"
"dct-18",0,2.95552009811442,0.743,0.09,0,"30","dct-18"
"pcp-1",0,2.94060982800362,0.642,0.013,0,"30","pcp-1"
"C17F4.7",0,2.91694068770101,0.503,0.012,0,"30","C17F4.7"
"F59B1.2",0,2.84645109722528,0.592,0.009,0,"30","F59B1.2"
"vha-6",0,2.82970509540342,0.666,0.019,0,"30","vha-6"
"aqp-4",0,2.8220910936053,0.618,0.014,0,"30","aqp-4"
"ugt-22",0,2.82079582678602,0.663,0.029,0,"30","ugt-22"
"ttr-46",0,2.81954380301189,0.567,0.015,0,"30","ttr-46"
"cpz-2",0,2.79888368336525,0.723,0.023,0,"30","cpz-2"
"T25C12.3",0,2.7902120389614,0.567,0.015,0,"30","T25C12.3"
"asp-2",0,2.78762529010054,0.63,0.017,0,"30","asp-2"
"ifd-1",0,2.76572074745704,0.619,0.018,0,"30","ifd-1"
"F54D1.6",0,2.76181331749623,0.724,0.031,0,"30","F54D1.6"
"ttr-41",0,2.73200925057182,0.711,0.04,0,"30","ttr-41"
"ifo-1",0,2.69987576417355,0.694,0.035,0,"30","ifo-1"
"dsc-4",0,2.69021671214107,0.695,0.015,0,"30","dsc-4"
"F19B2.5",0,2.68492311227797,0.563,0.012,0,"30","F19B2.5"
"act-5",0,2.66507320194142,0.738,0.072,0,"30","act-5"
"asp-6",0,2.6475941241284,0.503,0.021,0,"30","asp-6"
"F09B12.3",0,2.64051267788322,0.659,0.014,0,"30","F09B12.3"
"W05H9.1",0,2.61182837253265,0.698,0.032,0,"30","W05H9.1"
"ifb-2",0,2.60679827799374,0.744,0.057,0,"30","ifb-2"
"T02C5.1",0,2.58003093261938,0.657,0.015,0,"30","T02C5.1"
"pept-1",0,2.56041163849533,0.648,0.015,0,"30","pept-1"
"T20D3.2",0,2.55676594836205,0.566,0.019,0,"30","T20D3.2"
"C29F3.7",0,2.55596764905455,0.556,0.018,0,"30","C29F3.7"
"clec-17",0,2.55596667534629,0.509,0.006,0,"30","clec-17"
"R09H10.5",0,2.51220423368117,0.55,0.013,0,"30","R09H10.5"
"cyp-35A2",0,2.50571679043602,0.587,0.017,0,"30","cyp-35A2"
"cyp-35C1",0,2.49155422925897,0.578,0.027,0,"30","cyp-35C1"
"LLC1.2",0,2.48568894732389,0.598,0.014,0,"30","LLC1.2"
"dod-19",0,2.48412591573117,0.455,0.009,0,"30","dod-19"
"F56C9.7",0,2.46480049695588,0.652,0.015,0,"30","F56C9.7"
"F59C6.11",0,2.4500978929777,0.622,0.015,0,"30","F59C6.11"
"T04C12.1",0,2.44509639340629,0.589,0.025,0,"30","T04C12.1"
"nlp-36",0,2.4098029852969,0.654,0.023,0,"30","nlp-36"
"T19D12.4",0,2.37955173341113,0.515,0.009,0,"30","T19D12.4"
"Y43C5A.2",0,2.35332281463167,0.481,0.008,0,"30","Y43C5A.2"
"gst-5",0,2.3382739715777,0.465,0.029,0,"30","gst-5"
"C26B9.5",0,2.33320198337555,0.598,0.008,0,"30","C26B9.5"
"zip-10",0,2.33146011235162,0.414,0.005,0,"30","zip-10"
"ctsa-3.1",0,2.32673652197833,0.518,0.013,0,"30","ctsa-3.1"
"F54D5.3",0,2.32445015107633,0.496,0.009,0,"30","F54D5.3"
"C16B8.3",0,2.31869032375217,0.532,0.013,0,"30","C16B8.3"
"C18H9.6",0,2.31850022953473,0.423,0.005,0,"30","C18H9.6"
"ifd-2",0,2.31223564127433,0.612,0.024,0,"30","ifd-2"
"T28H10.3",0,2.30858451719265,0.648,0.033,0,"30","T28H10.3"
"Y39G8B.9",0,2.30817993012935,0.534,0.011,0,"30","Y39G8B.9"
"nduo-11",0,2.29880178121258,0.793,0.262,0,"30","nduo-1"
"F56D5.6",0,2.29837440394237,0.568,0.005,0,"30","F56D5.6"
"clec-66",0,2.29250802409422,0.55,0.006,0,"30","clec-66"
"F08G2.5",0,2.27518004107085,0.427,0.006,0,"30","F08G2.5"
"cyp-35A3",0,2.25048318074636,0.455,0.014,0,"30","cyp-35A3"
"lec-6",0,2.24433811395295,0.545,0.02,0,"30","lec-6"
"F14B8.5",0,2.24289515859792,0.661,0.023,0,"30","F14B8.5"
"T05E12.6",0,2.2346113800255,0.502,0.008,0,"30","T05E12.6"
"K03B8.6",0,2.2272200500299,0.61,0.024,0,"30","K03B8.6"
"clec-63",0,2.22609232211166,0.437,0.011,0,"30","clec-63"
"cpr-6",0,2.22104151826883,0.579,0.029,0,"30","cpr-6"
"pgrn-1",0,2.2135031700263,0.634,0.022,0,"30","pgrn-1"
"C23H5.8",0,2.21321780511402,0.63,0.026,0,"30","C23H5.8"
"F56F10.1",0,2.21246080361377,0.604,0.006,0,"30","F56F10.1"
"lys-8",0,2.2123516445246,0.539,0.017,0,"30","lys-8"
"pcp-3",0,2.21141434020004,0.478,0.007,0,"30","pcp-3"
"C49C3.4",0,2.20658898255219,0.621,0.01,0,"30","C49C3.4"
"F28B4.3",0,2.19939709202132,0.42,0.007,0,"30","F28B4.3"
"T19D12.1",0,2.19469129133306,0.532,0.007,0,"30","T19D12.1"
"lys-1",0,2.17918580027283,0.548,0.008,0,"30","lys-1"
"Y32F6A.5",0,2.17823466633972,0.264,0.01,0,"30","Y32F6A.5"
"spp-14",0,2.16961842806622,0.576,0.013,0,"30","spp-14"
"clec-50",0,2.16728734461813,0.373,0.003,0,"30","clec-50"
"R07E3.1",0,2.14471621859876,0.638,0.019,0,"30","R07E3.1"
"C49C8.5",0,2.13204537806771,0.403,0.004,0,"30","C49C8.5"
"R08E3.1",0,2.12324909860098,0.627,0.007,0,"30","R08E3.1"
"haf-4",0,2.1146066463336,0.591,0.009,0,"30","haf-4"
"C46G7.1",0,2.11409148026313,0.577,0.012,0,"30","C46G7.1"
"Y51F10.7",0,2.11359825284603,0.473,0.005,0,"30","Y51F10.7"
"F35E12.9",0,2.11049599260373,0.58,0.012,0,"30","F35E12.9"
"nep-22",0,2.10502649066191,0.566,0.007,0,"30","nep-22"
"Y16B4A.2",0,2.08994561336895,0.56,0.006,0,"30","Y16B4A.2"
"pqn-89",0,2.08657799226055,0.638,0.02,0,"30","pqn-89"
"pho-1",0,2.08366855332955,0.441,0.006,0,"30","pho-1"
"ugt-62",0,2.07911258631066,0.498,0.007,0,"30","ugt-62"
"C33H5.13",0,2.07061158540898,0.554,0.025,0,"30","C33H5.13"
"inx-15",0,2.06761609675034,0.647,0.032,0,"30","inx-15"
"F46G10.1",0,2.05764881868283,0.555,0.021,0,"30","F46G10.1"
"F21D5.3",0,2.03703062231788,0.314,0.009,0,"30","F21D5.3"
"gpa-17",0,2.01174750817673,0.605,0.019,0,"30","gpa-17"
"nlt-1",0,2.01102596885703,0.586,0.036,0,"30","nlt-1"
"C05C12.4",0,2.01008466627548,0.517,0.007,0,"30","C05C12.4"
"T28F4.5",0,2.00840818498531,0.658,0.076,0,"30","T28F4.5"
"T04F3.4",0,1.99319974833672,0.584,0.01,0,"30","T04F3.4"
"T16G12.1",0,1.98249385778373,0.467,0.007,0,"30","T16G12.1"
"ttr-48",0,1.9788036145411,0.635,0.033,0,"30","ttr-48"
"C50F4.1",0,1.97192352978836,0.447,0.012,0,"30","C50F4.1"
"nduo-41",0,1.96662775290543,0.787,0.227,0,"30","nduo-4"
"ZK1320.2",0,1.96580974023209,0.447,0.007,0,"30","ZK1320.2"
"hpo-34",0,1.96401287066107,0.647,0.026,0,"30","hpo-34"
"gfi-1",0,1.95496822788734,0.502,0.014,0,"30","gfi-1"
"ZC204.12",0,1.9441537024373,0.403,0.012,0,"30","ZC204.12"
"C18E9.5",0,1.94207208418522,0.559,0.008,0,"30","C18E9.5"
"K09D9.1",0,1.93991148203081,0.364,0.005,0,"30","K09D9.1"
"Y32F6B.1",0,1.93446570080067,0.611,0.015,0,"30","Y32F6B.1"
"C18B2.5",0,1.90062996889468,0.579,0.02,0,"30","C18B2.5"
"M01G12.9",0,1.89963210582344,0.551,0.01,0,"30","M01G12.9"
"Y54G2A.52",0,1.89543922052334,0.561,0.019,0,"30","Y54G2A.52"
"C18E9.9",0,1.88967194769157,0.58,0.012,0,"30","C18E9.9"
"math-41",0,1.88200645397225,0.615,0.014,0,"30","math-41"
"lec-11",0,1.87039236739327,0.473,0.006,0,"30","lec-11"
"C39H7.4",0,1.86979902631851,0.593,0.01,0,"30","C39H7.4"
"itx-1",0,1.86833334081951,0.587,0.009,0,"30","itx-1"
"Y34B4A.9",0,1.85604076780893,0.549,0.015,0,"30","Y34B4A.9"
"Y66H1A.5",0,1.85547383295219,0.541,0.004,0,"30","Y66H1A.5"
"zig-9",0,1.8524167095395,0.491,0.008,0,"30","zig-9"
"hmit-1.3",0,1.85148161888497,0.532,0.006,0,"30","hmit-1.3"
"K06A9.1",0,1.84570997462273,0.548,0.005,0,"30","K06A9.1"
"C25F9.14",0,1.84515523245649,0.527,0.007,0,"30","C25F9.14"
"T01D3.6",0,1.83047697236225,0.444,0.008,0,"30","T01D3.6"
"K08D8.6",0,1.83036080305814,0.495,0.005,0,"30","K08D8.6"
"pie-1",0,1.82969635401576,0.615,0.061,0,"30","pie-1"
"M04C3.1",0,1.81748590429094,0.599,0.013,0,"30","M04C3.1"
"C12D12.1",0,1.81742263477354,0.478,0.004,0,"30","C12D12.1"
"lbp-6",0,1.81642352521391,0.561,0.034,0,"30","lbp-6"
"Y37D8A.161",0,1.81303179236886,0.71,0.097,0,"30","Y37D8A.16"
"F14B8.6",0,1.81276603669885,0.6,0.014,0,"30","F14B8.6"
"clec-83",0,1.81020135884732,0.385,0.004,0,"30","clec-83"
"F54C9.3",0,1.80558387411462,0.478,0.017,0,"30","F54C9.3"
"VF13D12L.3",0,1.79261000606914,0.471,0.017,0,"30","VF13D12L.3"
"hmit-1.1",0,1.79007639424801,0.496,0.008,0,"30","hmit-1.1"
"ugt-48",0,1.7893195581951,0.555,0.009,0,"30","ugt-48"
"cest-5.2",0,1.78841573140716,0.566,0.009,0,"30","cest-5.2"
"T08B1.1",0,1.76896030058757,0.484,0.005,0,"30","T08B1.1"
"F53B2.8",0,1.76496159527865,0.439,0.01,0,"30","F53B2.8"
"cest-8",0,1.7602902775982,0.534,0.004,0,"30","cest-8"
"drr-1",0,1.74869216301166,0.577,0.017,0,"30","drr-1"
"ifc-1",0,1.74719158068,0.269,0.004,0,"30","ifc-1"
"C26C6.9",0,1.74353901501549,0.553,0.01,0,"30","C26C6.9"
"C25F9.10",0,1.73424518736593,0.503,0.007,0,"30","C25F9.10"
"cpr-9",0,1.72780842082851,0.358,0.01,0,"30","cpr-9"
"F22H10.3",0,1.72544997050239,0.476,0.014,0,"30","F22H10.3"
"haf-9",0,1.71175751632964,0.552,0.011,0,"30","haf-9"
"asp-13",0,1.70505041236807,0.453,0.015,0,"30","asp-13"
"nhx-2",0,1.70474412256781,0.568,0.013,0,"30","nhx-2"
"K03H1.5",0,1.70311838202298,0.304,0.005,0,"30","K03H1.5"
"txt-9",0,1.69696009291289,0.49,0.017,0,"30","txt-9"
"fbl-1",0,1.69224688106572,0.419,0.011,0,"30","fbl-1"
"Y106G6H.1",0,1.69132714254567,0.557,0.009,0,"30","Y106G6H.1"
"dhs-3",0,1.68501723805104,0.55,0.011,0,"30","dhs-3"
"folt-2",0,1.68364394603477,0.285,0.007,0,"30","folt-2"
"gst-4",0,1.68244835375357,0.514,0.038,0,"30","gst-4"
"ctsa-4.2",0,1.68026033657808,0.331,0.003,0,"30","ctsa-4.2"
"F59C6.14",0,1.67590363353005,0.536,0.005,0,"30","F59C6.14"
"pmp-5",0,1.666561835169,0.576,0.042,0,"30","pmp-5"
"ads-1",0,1.66557221926092,0.611,0.036,0,"30","ads-1"
"F55B11.4",0,1.66214192884558,0.491,0.007,0,"30","F55B11.4"
"ttr-44",0,1.65803270605543,0.345,0.005,0,"30","ttr-44"
"ugt-17",0,1.65767446036485,0.445,0.006,0,"30","ugt-17"
"gtl-1",0,1.65576903435561,0.512,0.006,0,"30","gtl-1"
"ugt-5",0,1.65388144664661,0.581,0.016,0,"30","ugt-5"
"nkb-3",0,1.65208503327849,0.569,0.022,0,"30","nkb-3"
"ilys-4",0,1.651661779317,0.532,0.016,0,"30","ilys-4"
"nlp-40",0,1.65162351758259,0.542,0.012,0,"30","nlp-40"
"hex-2",0,1.6339417083392,0.61,0.037,0,"30","hex-2"
"nduo-5",0,1.63303875092241,0.72,0.155,0,"30","nduo-5"
"M28.8",0,1.61679408569403,0.433,0.009,0,"30","M28.8"
"acbp-1",0,1.60434187620283,0.57,0.058,0,"30","acbp-1"
"dhs-18",0,1.60223378397868,0.508,0.016,0,"30","dhs-18"
"pbo-4",0,1.59692040224134,0.259,0.005,0,"30","pbo-4"
"dct-11",0,1.59656483865116,0.536,0.007,0,"30","dct-11"
"lys-2",0,1.58317122840798,0.36,0.003,0,"30","lys-2"
"lurp-1",0,1.5793401227412,0.509,0.007,0,"30","lurp-1"
"F54E2.1",0,1.57681525241933,0.384,0.004,0,"30","F54E2.1"
"cav-2",0,1.5695330800888,0.525,0.007,0,"30","cav-2"
"T24C4.4",0,1.56424024317025,0.354,0.003,0,"30","T24C4.4"
"pes-9",0,1.55760359820644,0.489,0.031,0,"30","pes-9"
"F39G3.5",0,1.55749708750845,0.57,0.012,0,"30","F39G3.5"
"ZK6.11",0,1.55041231897495,0.313,0.003,0,"30","ZK6.11"
"pmp-1",0,1.5469585929427,0.386,0.008,0,"30","pmp-1"
"Y54F10AM.8",0,1.53585488083446,0.54,0.018,0,"30","Y54F10AM.8"
"ugt-16",0,1.52834058918221,0.301,0.003,0,"30","ugt-16"
"clec-72",0,1.52712455282453,0.448,0.005,0,"30","clec-72"
"C42D4.1",0,1.52015136092434,0.422,0.008,0,"30","C42D4.1"
"lron-7",0,1.50581753654344,0.555,0.017,0,"30","lron-7"
"gst-38",0,1.50429383408822,0.337,0.002,0,"30","gst-38"
"skr-3",0,1.49432088007646,0.531,0.027,0,"30","skr-3"
"F55H12.3",0,1.49038459916694,0.529,0.008,0,"30","F55H12.3"
"R09F10.1",0,1.48209147909309,0.524,0.01,0,"30","R09F10.1"
"Y94H6A.10",0,1.47651817127709,0.412,0.015,0,"30","Y94H6A.10"
"amt-4",0,1.47339581451669,0.458,0.006,0,"30","amt-4"
"inx-17",0,1.47261747254663,0.54,0.015,0,"30","inx-17"
"ugt-46",0,1.47260377438629,0.501,0.009,0,"30","ugt-46"
"rol-6",0,1.46742232815493,0.633,0.071,0,"30","rol-6"
"dod-17",0,1.46549118044594,0.262,0.002,0,"30","dod-17"
"C32H11.4",0,1.46046771428571,0.322,0.002,0,"30","C32H11.4"
"lys-4",0,1.45531052572474,0.281,0.003,0,"30","lys-4"
"clc-1",0,1.45433299881836,0.442,0.003,0,"30","clc-1"
"scav-6",0,1.44993034837087,0.519,0.008,0,"30","scav-6"
"tag-234",0,1.44794396783434,0.393,0.003,0,"30","tag-234"
"spp-3",0,1.44750561876877,0.402,0.006,0,"30","spp-3"
"ugt-44",0,1.44227413136067,0.31,0.002,0,"30","ugt-44"
"eat-6",0,1.43434549140166,0.801,0.171,0,"30","eat-6"
"C18A11.3",0,1.43267365583148,0.35,0.004,0,"30","C18A11.3"
"Y22D7AL.15",0,1.43043676193743,0.39,0.007,0,"30","Y22D7AL.15"
"spp-18",0,1.42275793373122,0.385,0.006,0,"30","spp-18"
"R09H10.3",0,1.42173081686018,0.53,0.018,0,"30","R09H10.3"
"C44H9.7",0,1.42118060496709,0.43,0.013,0,"30","C44H9.7"
"ugt-21",0,1.42077522858671,0.423,0.005,0,"30","ugt-21"
"rpl-29",0,1.41495472443788,0.696,0.119,0,"30","rpl-29"
"ugt-26",0,1.41165168222206,0.448,0.012,0,"30","ugt-26"
"rps-21",0,1.39554258583455,0.715,0.148,0,"30","rps-21"
"R10H10.3",0,1.39540445821136,0.507,0.003,0,"30","R10H10.3"
"M01H9.3",0,1.38508441933235,0.508,0.046,0,"30","M01H9.3"
"ifc-2",0,1.37950162702787,0.331,0.013,0,"30","ifc-2"
"inx-16",0,1.37534987862707,0.51,0.011,0,"30","inx-16"
"Y102A11A.3",0,1.36996857521021,0.432,0.006,0,"30","Y102A11A.3"
"F49E2.2",0,1.35940576357551,0.489,0.01,0,"30","F49E2.2"
"tag-120",0,1.35685317907665,0.476,0.012,0,"30","tag-120"
"F48D6.4",0,1.35459217576057,0.708,0.163,0,"30","F48D6.4"
"gst-7",0,1.35417572416044,0.574,0.089,0,"30","gst-7"
"pqn-52",0,1.34503465172191,0.414,0.03,0,"30","pqn-52"
"rpl-39",0,1.34119402025087,0.683,0.137,0,"30","rpl-39"
"C32F10.4",0,1.33543622709356,0.513,0.013,0,"30","C32F10.4"
"pbo-1",0,1.32938148035396,0.525,0.014,0,"30","pbo-1"
"cest-4",0,1.32817067432598,0.455,0.004,0,"30","cest-4"
"mans-2",0,1.3237832786721,0.506,0.015,0,"30","mans-2"
"mth-1",0,1.31342327106004,0.399,0.002,0,"30","mth-1"
"math-26",0,1.31275058562269,0.494,0.006,0,"30","math-26"
"W02B12.1",0,1.30986668150606,0.395,0.004,0,"30","W02B12.1"
"oac-14",0,1.30600225326477,0.31,0.002,0,"30","oac-14"
"ttr-37",0,1.30445454257576,0.498,0.006,0,"30","ttr-37"
"ets-9",0,1.30099507378144,0.453,0.004,0,"30","ets-9"
"W04B5.3",0,1.28242389218966,0.456,0.005,0,"30","W04B5.3"
"ctl-2",0,1.27725120766003,0.549,0.041,0,"30","ctl-2"
"nhr-8",0,1.27667479297079,0.469,0.011,0,"30","nhr-8"
"K04A8.1",0,1.2736772165308,0.489,0.011,0,"30","K04A8.1"
"mct-4",0,1.27091107871364,0.387,0.02,0,"30","mct-4"
"rps-28",0,1.27048979369186,0.714,0.148,0,"30","rps-28"
"papl-1",0,1.26589912911039,0.29,0.003,0,"30","papl-1"
"ZK632.9",0,1.26265663650407,0.607,0.071,0,"30","ZK632.9"
"hex-5",0,1.26242249890795,0.472,0.008,0,"30","hex-5"
"F55G11.8",0,1.26232879347841,0.432,0.003,0,"30","F55G11.8"
"ftn-1",0,1.26053575597408,0.299,0.006,0,"30","ftn-1"
"bubl-1",0,1.25344678950821,0.593,0.086,0,"30","bubl-1"
"C06B8.2",0,1.23388066312356,0.398,0.003,0,"30","C06B8.2"
"tag-343",0,1.23374176437088,0.532,0.027,0,"30","tag-343"
"R01B10.3",0,1.23364413122453,0.439,0.008,0,"30","R01B10.3"
"gst-10",0,1.23122191741861,0.514,0.038,0,"30","gst-10"
"cdr-2",0,1.22925514203507,0.413,0.005,0,"30","cdr-2"
"eps-8",0,1.22767213181098,0.673,0.095,0,"30","eps-8"
"C14A4.7",0,1.21906196822345,0.488,0.007,0,"30","C14A4.7"
"pqm-1",0,1.21852367248462,0.475,0.013,0,"30","pqm-1"
"pfut-1",0,1.21540669369743,0.456,0.015,0,"30","pfut-1"
"ttr-49",0,1.21326117243195,0.325,0.003,0,"30","ttr-49"
"asp-14",0,1.20932222201281,0.291,0.001,0,"30","asp-14"
"pgp-6",0,1.20865865819708,0.323,0.011,0,"30","pgp-6"
"daf-22",0,1.2076971790515,0.558,0.045,0,"30","daf-22"
"C24B9.3",0,1.20581361741845,0.317,0.003,0,"30","C24B9.3"
"swt-6",0,1.20253009938778,0.363,0.002,0,"30","swt-6"
"cyp-37B1",0,1.19873508259278,0.424,0.002,0,"30","cyp-37B1"
"acs-7",0,1.19670421070276,0.487,0.018,0,"30","acs-7"
"gly-5",0,1.19419951385255,0.501,0.023,0,"30","gly-5"
"fmo-1",0,1.19347834473851,0.473,0.01,0,"30","fmo-1"
"Y69H2.9",0,1.18735554235848,0.474,0.011,0,"30","Y69H2.9"
"cyp-32B1",0,1.18723926455487,0.397,0.004,0,"30","cyp-32B1"
"dhs-28",0,1.1767994848052,0.578,0.056,0,"30","dhs-28"
"fut-1",0,1.17666684005925,0.481,0.007,0,"30","fut-1"
"C08B6.11",0,1.17184840606173,0.428,0.002,0,"30","C08B6.11"
"F17C11.11",0,1.16859520666413,0.371,0.017,0,"30","F17C11.11"
"C29F9.2",0,1.16010703168715,0.427,0.005,0,"30","C29F9.2"
"C25F9.5",0,1.15758790819271,0.396,0.003,0,"30","C25F9.5"
"C35A11.4",0,1.15701582490224,0.307,0.002,0,"30","C35A11.4"
"bgal-1",0,1.15394786053762,0.459,0.022,0,"30","bgal-1"
"C18A11.1",0,1.15236619547562,0.421,0.008,0,"30","C18A11.1"
"F41G3.18",0,1.14981711007665,0.43,0.006,0,"30","F41G3.18"
"C49A9.9",0,1.14976082489546,0.41,0.006,0,"30","C49A9.9"
"K11H12.11",0,1.14909028719762,0.376,0.003,0,"30","K11H12.11"
"hum-5",0,1.14497996431549,0.557,0.035,0,"30","hum-5"
"K12C11.1",0,1.14374072327381,0.492,0.021,0,"30","K12C11.1"
"hyl-11",0,1.14341343821387,0.538,0.044,0,"30","hyl-1"
"F08B12.4",0,1.14141942581584,0.516,0.044,0,"30","F08B12.4"
"F54D5.4",0,1.13809061902772,0.271,0.003,0,"30","F54D5.4"
"ZK1055.7",0,1.13740541570881,0.444,0.007,0,"30","ZK1055.7"
"T06A1.5",0,1.13610084535415,0.456,0.005,0,"30","T06A1.5"
"gst-36",0,1.13507334800704,0.441,0.016,0,"30","gst-36"
"dgat-2",0,1.13461474826546,0.41,0.008,0,"30","dgat-2"
"R102.4",0,1.12868428884895,0.419,0.013,0,"30","R102.4"
"gst-1",0,1.12726359899214,0.496,0.044,0,"30","gst-1"
"rcs-1",0,1.12682797703273,0.398,0.007,0,"30","rcs-1"
"T05C3.6",0,1.1255707394878,0.392,0.003,0,"30","T05C3.6"
"zip-12",0,1.12251543788417,0.51,0.023,0,"30","zip-12"
"lmp-2",0,1.11828374259616,0.44,0.004,0,"30","lmp-2"
"C05D12.3",0,1.11329940769573,0.348,0.002,0,"30","C05D12.3"
"cpt-4",0,1.11205031486169,0.523,0.032,0,"30","cpt-4"
"C08F11.13",0,1.10616407612619,0.403,0.004,0,"30","C08F11.13"
"exc-15",0,1.10425415914346,0.43,0.021,0,"30","exc-15"
"clec-41",0,1.10031128019763,0.286,0.002,0,"30","clec-41"
"zip-5",0,1.09748168079663,0.424,0.004,0,"30","zip-5"
"F54B8.4",0,1.09666713196304,0.378,0.011,0,"30","F54B8.4"
"ugt-54",0,1.09617188112142,0.443,0.004,0,"30","ugt-54"
"ZK1320.3",0,1.08939977830512,0.252,0.004,0,"30","ZK1320.3"
"gst-13",0,1.08894080843745,0.474,0.023,0,"30","gst-13"
"lonp-2",0,1.08568489537806,0.456,0.013,0,"30","lonp-2"
"mul-1",0,1.07632013333598,0.376,0.002,0,"30","mul-1"
"R12C12.9",0,1.06792944245978,0.502,0.017,0,"30","R12C12.9"
"acp-5",0,1.06430093571788,0.41,0.006,0,"30","acp-5"
"F17C11.12",0,1.06373437639529,0.434,0.006,0,"30","F17C11.12"
"cgt-1",0,1.0600161165737,0.466,0.012,0,"30","cgt-1"
"fbxa-105",0,1.05711896952777,0.365,0.004,0,"30","fbxa-105"
"nkb-1",0,1.05578299843208,0.609,0.067,0,"30","nkb-1"
"nduo-2",0,1.04851495197719,0.718,0.173,0,"30","nduo-2"
"Y66D12A.13",0,1.04821965451776,0.374,0.004,0,"30","Y66D12A.13"
"Y110A7A.21",0,1.04749322008003,0.464,0.006,0,"30","Y110A7A.21"
"itr-1",0,1.04725546264791,0.421,0.017,0,"30","itr-1"
"W10G11.19",0,1.04668464702867,0.434,0.005,0,"30","W10G11.19"
"K10G6.5",0,1.04457841773917,0.258,0.001,0,"30","K10G6.5"
"clec-265",0,1.03882930395315,0.285,0.002,0,"30","clec-265"
"ZK1307.8",0,1.03732245875087,0.609,0.072,0,"30","ZK1307.8"
"aagr-2",0,1.03722132551648,0.424,0.018,0,"30","aagr-2"
"vha-4",0,1.03624066887997,0.641,0.101,0,"30","vha-4"
"kqt-2",0,1.03358142842878,0.382,0.003,0,"30","kqt-2"
"endu-2",0,1.03212009948079,0.298,0.003,0,"30","endu-2"
"ugt-51",0,1.02753096866778,0.398,0.008,0,"30","ugt-51"
"C07E3.3",0,1.02113380608405,0.311,0.012,0,"30","C07E3.3"
"ZK1128.7",0,1.02028259566591,0.385,0.017,0,"30","ZK1128.7"
"C14A4.6",0,1.01962679134517,0.438,0.007,0,"30","C14A4.6"
"vha-19",0,1.0196232961517,0.674,0.091,0,"30","vha-19"
"C44B7.11",0,1.01933421015787,0.463,0.018,0,"30","C44B7.11"
"pho-13",0,1.01825363281161,0.337,0.002,0,"30","pho-13"
"cyp-37A1",0,1.01783697174392,0.385,0.002,0,"30","cyp-37A1"
"nstp-2",0,1.01502448061517,0.48,0.02,0,"30","nstp-2"
"comt-3",0,1.0042411676011,0.391,0.009,0,"30","comt-3"
"paic-1",0,1.00366418392436,0.363,0.006,0,"30","paic-1"
"jun-1",0,1.00335440320236,0.44,0.01,0,"30","jun-1"
"ctb-1",4.21877009584564e-292,1.79565494675951,0.797,0.253,7.9781161282537e-288,"30","ctb-1"
"hsp-16.11",3.82721462314319e-272,1.75484378820872,0.534,0.128,7.23764557382609e-268,"30","hsp-16.11"
"rpl-28",3.10586002956017e-265,1.29437106418454,0.749,0.224,5.87349190190123e-261,"30","rpl-28"
"rpl-4",3.5999500341073e-264,1.28822458807228,0.8,0.26,6.80786550950032e-260,"30","rpl-4"
"rpl-25.2",1.1172261456779e-256,1.24304341988427,0.758,0.234,2.11278636409147e-252,"30","rpl-25.2"
"rpl-31",5.19787617887928e-255,1.25661299764139,0.821,0.279,9.8297036418786e-251,"30","rpl-31"
"C37A2.7",1.10296067107563e-248,1.2711973210494,0.785,0.263,2.08580892507113e-244,"30","C37A2.7"
"ctc-31",5.91222155818483e-247,2.19976435806221,0.874,0.456,1.11806021886833e-242,"30","ctc-3"
"rpl-30",7.5750490743883e-242,1.12090361737569,0.796,0.25,1.43251753045757e-237,"30","rpl-30"
"rpl-36",6.12886696768424e-240,1.29283762642881,0.834,0.337,1.15903003225877e-235,"30","rpl-36"
"rla-2",7.77327284091655e-238,1.17176355560805,0.73,0.225,1.47000362694573e-233,"30","rla-2"
"rps-27",1.86444035604939e-232,1.27262978514526,0.793,0.299,3.52584315732499e-228,"30","rps-27"
"atp-61",1.55856089224991e-231,2.27598011654485,0.895,0.563,2.9473945033338e-227,"30","atp-6"
"ctc-21",6.2658506550853e-227,2.23432908293651,0.871,0.471,1.18493501738318e-222,"30","ctc-2"
"icl-1",2.69898508326158e-221,1.15348738939355,0.797,0.267,5.10405069095598e-217,"30","icl-1"
"rpl-33",4.20936586803204e-220,1.22594545391957,0.835,0.343,7.96033179303539e-216,"30","rpl-33"
"rpl-7A",6.64701759601301e-215,1.28148919540675,0.857,0.387,1.25701749758202e-210,"30","rpl-7A"
"rpl-36.A",9.93125351370741e-215,1.17735659240395,0.813,0.316,1.87809935197721e-210,"30","rpl-36.A"
"rpl-34",3.77520899801675e-212,1.13068377691482,0.824,0.311,7.13929773614947e-208,"30","rpl-34"
"rpl-15",1.48571643657988e-211,1.13011838982779,0.889,0.387,2.80963835321621e-207,"30","rpl-15"
"rps-6",1.5083806437181e-208,1.10382268541272,0.795,0.28,2.85249863533531e-204,"30","rps-6"
"rps-4",3.62600868226201e-205,1.1101617710132,0.869,0.371,6.85714501902568e-201,"30","rps-4"
"rpl-22",3.82381301702298e-205,1.14942484138628,0.807,0.312,7.23121279649215e-201,"30","rpl-22"
"ubq-2",7.47323037647104e-205,1.18395329339637,0.832,0.351,1.41326259649444e-200,"30","ubq-2"
"rpl-43",1.83999126703849e-203,1.17053212905365,0.78,0.301,3.47960748509649e-199,"30","rpl-43"
"Y37E3.8",6.97076700832614e-199,1.26234023319583,0.865,0.428,1.31824174894456e-194,"30","Y37E3.8"
"rpl-20",4.25774225010765e-197,1.10581741114888,0.861,0.386,8.05181636917857e-193,"30","rpl-20"
"rpl-2",3.94342029169904e-196,1.12209765477338,0.858,0.387,7.45740211363206e-192,"30","rpl-2"
"nduo-61",1.03469860160625e-192,2.05056282342694,0.885,0.527,1.95671852549757e-188,"30","nduo-6"
"ctc-1",2.60124402034632e-192,1.89333144422769,0.838,0.404,4.91921256687692e-188,"30","ctc-1"
"acdh-1",2.29298194959173e-190,1.35535020925839,0.882,0.417,4.33625816487291e-186,"30","acdh-1"
"rpl-18",1.40922576659908e-186,1.03872015332065,0.882,0.414,2.66498684721552e-182,"30","rpl-18"
"rpl-26",7.46356392739679e-184,1.05793468603101,0.827,0.342,1.41143457431001e-179,"30","rpl-26"
"rps-0",8.43506532404122e-182,1.02434734549662,0.834,0.333,1.59515520342943e-177,"30","rps-0"
"rps-24",4.15689828033302e-178,1.04768712627272,0.86,0.402,7.86111033793778e-174,"30","rps-24"
"rps-13",4.31525081582924e-174,1.0071096260683,0.838,0.353,8.16057081781468e-170,"30","rps-13"
"rpl-6",2.30250805509875e-173,1.00535069583947,0.856,0.411,4.35427298299724e-169,"30","rpl-6"
"rpl-11.2",2.00440802237593e-172,1.04209734870283,0.881,0.44,3.79053601111513e-168,"30","rpl-11.2"
"rpl-14",8.69525515163373e-169,1.01084681419407,0.823,0.364,1.64435970172546e-164,"30","rpl-14"
"rps-7",4.15326334002486e-167,1.12094684595566,0.856,0.438,7.85423630232102e-163,"30","rps-7"
"crt-1",6.52917004563845e-166,1.08592883604231,0.939,0.516,1.23473134733069e-161,"30","crt-1"
"rps-15",5.34600709767988e-161,1.01095954120379,0.832,0.393,1.01098340224224e-156,"30","rps-15"
"rpl-10",4.66021854234597e-157,1.00217991680702,0.882,0.47,8.81293928543046e-153,"30","rpl-10"
"rpl-41.2",3.87123462024325e-143,1.09575328946005,0.855,0.472,7.32089179034201e-139,"30","rpl-41.2"
"ndfl-4",6.1800725550889e-23,1.11380290425052,0.94,0.791,1.16871352089286e-18,"30","ndfl-4"
"cpz-1",0,4.96164167630404,0.994,0.056,0,"31","cpz-1"
"cpr-61",0,3.83323385677263,0.957,0.032,0,"31","cpr-6"
"hsp-16.111",0,3.79750428480162,0.874,0.13,0,"31","hsp-16.11"
"ppt-1",0,3.55134271226197,0.969,0.023,0,"31","ppt-1"
"W05H9.11",0,3.31315351505966,0.988,0.036,0,"31","W05H9.1"
"T28H10.31",0,3.30363705220928,0.982,0.036,0,"31","T28H10.3"
"cpl-1",0,3.2530500124997,0.997,0.18,0,"31","cpl-1"
"F46E10.21",0,3.24799364241597,0.988,0.124,0,"31","F46E10.2"
"C39B10.7",0,3.21345831073898,0.92,0.123,0,"31","C39B10.7"
"cyp-35C11",0,3.14993920345214,0.828,0.031,0,"31","cyp-35C1"
"C33G3.4",0,3.12226769335307,0.969,0.045,0,"31","C33G3.4"
"pgrn-11",0,2.99129500966434,0.957,0.025,0,"31","pgrn-1"
"clec-1961",0,2.98746155750435,0.914,0.147,0,"31","clec-196"
"ftn-2",0,2.77444287838097,0.887,0.131,0,"31","ftn-2"
"pie-11",0,2.76148229664661,0.877,0.064,0,"31","pie-1"
"aman-1",0,2.75762327172375,0.936,0.015,0,"31","aman-1"
"gba-3",0,2.67723723263052,0.853,0.02,0,"31","gba-3"
"ugt-23",0,2.66322199647667,0.942,0.021,0,"31","ugt-23"
"R07E3.11",0,2.66143540595754,0.951,0.022,0,"31","R07E3.1"
"cnc-10",0,2.58704888398807,0.663,0.014,0,"31","cnc-10"
"dct-181",0,2.55239860055874,0.969,0.094,0,"31","dct-18"
"inx-151",0,2.53362249924971,0.865,0.036,0,"31","inx-15"
"apy-1",0,2.50318143575186,0.933,0.037,0,"31","apy-1"
"C44H9.71",0,2.45347369143585,0.825,0.015,0,"31","C44H9.7"
"pnp-1",0,2.42700097561187,0.84,0.034,0,"31","pnp-1"
"cest-10",0,2.42125693365865,0.911,0.013,0,"31","cest-10"
"cyn-61",0,2.37161806360487,0.933,0.112,0,"31","cyn-6"
"ugt-53",0,2.34172130810021,0.773,0.009,0,"31","ugt-53"
"cest-2.1",0,2.34040503899489,0.825,0.01,0,"31","cest-2.1"
"gst-71",0,2.33532640107721,0.865,0.092,0,"31","gst-7"
"F12E12.11",0,2.32338336721593,0.344,0.001,0,"31","F12E12.11"
"C26F1.1",0,2.31630839228751,0.899,0.102,0,"31","C26F1.1"
"C23H5.81",0,2.31381620705734,0.902,0.03,0,"31","C23H5.8"
"zip-121",0,2.31260524388148,0.868,0.025,0,"31","zip-12"
"M01H9.31",0,2.30019392704122,0.84,0.048,0,"31","M01H9.3"
"hsp-70",0,2.29221341857271,0.672,0.021,0,"31","hsp-70"
"pmp-2",0,2.26076800152425,0.926,0.024,0,"31","pmp-2"
"cyp-34A9",0,2.24056771004414,0.506,0.003,0,"31","cyp-34A9"
"cyp-35A21",0,2.22868973997308,0.641,0.022,0,"31","cyp-35A2"
"sams-5",0,2.22113875392067,0.822,0.009,0,"31","sams-5"
"ZK550.6",0,2.19460210942401,0.88,0.049,0,"31","ZK550.6"
"R09H10.31",0,2.17207980471638,0.874,0.021,0,"31","R09H10.3"
"ttr-52",0,2.15549143287845,0.896,0.01,0,"31","ttr-52"
"cht-4",0,2.14404843906045,0.85,0.003,0,"31","cht-4"
"rmd-2",0,2.14173748447727,0.871,0.125,0,"31","rmd-2"
"lact-4",0,2.12328442122524,0.893,0.047,0,"31","lact-4"
"gst-131",0,2.11458256918066,0.785,0.025,0,"31","gst-13"
"ugt-55",0,2.07050478316701,0.883,0.019,0,"31","ugt-5"
"aagr-21",0,2.05731237954113,0.926,0.019,0,"31","aagr-2"
"ZK899.21",0,2.03305460234131,0.942,0.046,0,"31","ZK899.2"
"maoc-1",0,1.97772570630743,0.847,0.047,0,"31","maoc-1"
"C10A4.3",0,1.97146881499485,0.718,0.006,0,"31","C10A4.3"
"rnst-2",0,1.9642086838454,0.929,0.055,0,"31","rnst-2"
"Y54F10AM.81",0,1.96272180430589,0.88,0.021,0,"31","Y54F10AM.8"
"drr-11",0,1.95113048428184,0.871,0.02,0,"31","drr-1"
"rol-61",0,1.95088922801454,0.923,0.074,0,"31","rol-6"
"cest-33",0,1.94782296133036,0.816,0.052,0,"31","cest-33"
"B0228.7",0,1.92672373072061,0.819,0.026,0,"31","B0228.7"
"T19B10.2",0,1.8894177752673,0.948,0.139,0,"31","T19B10.2"
"cest-172",0,1.87149934142283,0.883,0.044,0,"31","cest-17"
"C29F7.2",0,1.86728426506137,0.785,0.027,0,"31","C29F7.2"
"cdf-2",0,1.84042774117303,0.85,0.013,0,"31","cdf-2"
"ent-2",0,1.83177280933104,0.951,0.084,0,"31","ent-2"
"cyp-35A5",0,1.81755334387972,0.546,0.007,0,"31","cyp-35A5"
"Y32F6B.11",0,1.81479662639154,0.85,0.018,0,"31","Y32F6B.1"
"tkt-1",0,1.80323235061919,0.856,0.057,0,"31","tkt-1"
"T07D3.4",0,1.79397461917383,0.853,0.013,0,"31","T07D3.4"
"cest-6",0,1.77724891228668,0.758,0.009,0,"31","cest-6"
"cyp-25A3",0,1.77468723905994,0.632,0.008,0,"31","cyp-25A3"
"pgp-2",0,1.76958211116519,0.862,0.028,0,"31","pgp-2"
"T16G12.8",0,1.7545843809182,0.865,0.029,0,"31","T16G12.8"
"W02A2.9",0,1.75330590677398,0.693,0.012,0,"31","W02A2.9"
"cwn-2",0,1.71832234320378,0.942,0.051,0,"31","cwn-2"
"B0334.3",0,1.71091821815804,0.847,0.047,0,"31","B0334.3"
"math-27",0,1.70197821771277,0.767,0.006,0,"31","math-27"
"F14B8.51",0,1.70144945432445,0.752,0.027,0,"31","F14B8.5"
"cest-5.21",0,1.70124939089237,0.791,0.012,0,"31","cest-5.2"
"odc-1",0,1.69861934955479,0.804,0.028,0,"31","odc-1"
"B0495.7",0,1.68292960977267,0.874,0.042,0,"31","B0495.7"
"F39G3.51",0,1.67618489499447,0.834,0.016,0,"31","F39G3.5"
"elt-7",0,1.67390452447858,0.804,0.018,0,"31","elt-7"
"epi-11",0,1.66686570436654,0.893,0.117,0,"31","epi-1"
"hsp-16.48",0,1.665011164552,0.733,0.05,0,"31","hsp-16.48"
"F19C6.5",0,1.65678970307645,0.794,0.008,0,"31","F19C6.5"
"W01A11.1",0,1.65493090145919,0.558,0.008,0,"31","W01A11.1"
"alh-13",0,1.65319735749168,0.893,0.035,0,"31","alh-13"
"ctl-21",0,1.64555943949191,0.85,0.044,0,"31","ctl-2"
"hyl-12",0,1.63761227970548,0.908,0.046,0,"31","hyl-1"
"F53C11.3",0,1.63590115992739,0.874,0.084,0,"31","F53C11.3"
"ugt-13",0,1.62276538842168,0.356,0.01,0,"31","ugt-13"
"C54D10.13",0,1.62154806847786,0.742,0.004,0,"31","C54D10.13"
"klo-1",0,1.61859713175399,0.748,0.008,0,"31","klo-1"
"hsp-4",0,1.60979554771363,0.89,0.055,0,"31","hsp-4"
"dhs-281",0,1.60223636352342,0.859,0.058,0,"31","dhs-28"
"ech-1.2",0,1.59083936406903,0.893,0.087,0,"31","ech-1.2"
"gana-1",0,1.57712148098317,0.709,0.033,0,"31","gana-1"
"gcp-2.1",0,1.57053129752161,0.859,0.022,0,"31","gcp-2.1"
"smd-1",0,1.55608119505761,0.798,0.023,0,"31","smd-1"
"inx-171",0,1.55513577846148,0.718,0.018,0,"31","inx-17"
"let-767",0,1.55141122544397,0.883,0.046,0,"31","let-767"
"acs-14",0,1.53618510920427,0.801,0.022,0,"31","acs-14"
"acp-6",0,1.53594595274199,0.638,0.006,0,"31","acp-6"
"Y69H2.91",0,1.53447581006003,0.773,0.013,0,"31","Y69H2.9"
"ugt-4",0,1.53245411672115,0.638,0.007,0,"31","ugt-4"
"gbh-1",0,1.52950742589834,0.739,0.026,0,"31","gbh-1"
"nrf-6",0,1.52050095125748,0.721,0.011,0,"31","nrf-6"
"ugt-221",0,1.51571355578351,0.638,0.034,0,"31","ugt-22"
"gst-101",0,1.51518661565438,0.755,0.041,0,"31","gst-10"
"acds-10",0,1.51248897510462,0.788,0.018,0,"31","acds-10"
"C06A8.8",0,1.51124360046939,0.675,0.022,0,"31","C06A8.8"
"dif-1",0,1.50674500685498,0.865,0.066,0,"31","dif-1"
"ncam-11",0,1.50031117996643,0.782,0.067,0,"31","ncam-1"
"hex-21",0,1.49539928285178,0.877,0.04,0,"31","hex-2"
"R09E12.9",0,1.4914203825389,0.426,0.003,0,"31","R09E12.9"
"daf-221",0,1.48983050069085,0.847,0.048,0,"31","daf-22"
"M01H9.4",0,1.48870372697657,0.767,0.015,0,"31","M01H9.4"
"Y34F4.5",0,1.47521448897477,0.767,0.01,0,"31","Y34F4.5"
"slc-36.2",0,1.47229082567014,0.779,0.01,0,"31","slc-36.2"
"pyc-1",0,1.46166438054408,0.905,0.061,0,"31","pyc-1"
"ges-1",0,1.45175253535601,0.706,0.008,0,"31","ges-1"
"cyp-29A2",0,1.45170489602238,0.666,0.016,0,"31","cyp-29A2"
"inx-161",0,1.43831350026138,0.712,0.014,0,"31","inx-16"
"ugt-511",0,1.41298317939144,0.733,0.01,0,"31","ugt-51"
"nhr-232",0,1.41152927510003,0.644,0.007,0,"31","nhr-232"
"B0507.3",0,1.40975020332772,0.693,0.013,0,"31","B0507.3"
"nstp-21",0,1.40590221390678,0.813,0.023,0,"31","nstp-2"
"T12G3.41",0,1.40554000241488,0.837,0.043,0,"31","T12G3.4"
"C14A4.61",0,1.40483747607545,0.745,0.009,0,"31","C14A4.6"
"F22B7.9",0,1.40390951019632,0.555,0.013,0,"31","F22B7.9"
"alh-1",0,1.40083353423466,0.859,0.042,0,"31","alh-1"
"sph-1",0,1.39631362996261,0.847,0.035,0,"31","sph-1"
"F10D2.8",0,1.3958578482095,0.491,0.006,0,"31","F10D2.8"
"F37H8.5",0,1.39519736672586,0.798,0.041,0,"31","F37H8.5"
"C17C3.1",0,1.38848937136863,0.776,0.03,0,"31","C17C3.1"
"wht-2",0,1.38706113198483,0.745,0.012,0,"31","wht-2"
"dhs-181",0,1.38000938995662,0.742,0.019,0,"31","dhs-18"
"Y105E8B.9",0,1.37166504075522,0.752,0.018,0,"31","Y105E8B.9"
"T19D7.6",0,1.37095188233072,0.528,0.003,0,"31","T19D7.6"
"lam-1",0,1.36707389243796,0.966,0.127,0,"31","lam-1"
"pqm-11",0,1.35926783485323,0.666,0.016,0,"31","pqm-1"
"aqp-11",0,1.35430930904538,0.84,0.035,0,"31","aqp-11"
"acs-22",0,1.35295383499655,0.752,0.021,0,"31","acs-22"
"scav-1",0,1.34259399044683,0.69,0.009,0,"31","scav-1"
"vpat-1",0,1.32952673121179,0.721,0.012,0,"31","vpat-1"
"spds-1",0,1.30816763771861,0.699,0.013,0,"31","spds-1"
"nhr-178",0,1.30748615685854,0.344,0.002,0,"31","nhr-178"
"fgt-1",0,1.30607875238071,0.92,0.081,0,"31","fgt-1"
"sgk-1",0,1.29064769676551,0.77,0.018,0,"31","sgk-1"
"Y106G6H.11",0,1.2904811593536,0.706,0.013,0,"31","Y106G6H.1"
"R09F10.11",0,1.28950125268457,0.709,0.013,0,"31","R09F10.1"
"mrp-4",0,1.28900834953311,0.727,0.01,0,"31","mrp-4"
"ugt-49",0,1.28883201041212,0.607,0.01,0,"31","ugt-49"
"ugt-11",0,1.28727616329633,0.543,0.004,0,"31","ugt-11"
"aqp-10",0,1.28384048003735,0.874,0.091,0,"31","aqp-10"
"B0272.4",0,1.28335146684857,0.752,0.02,0,"31","B0272.4"
"acdh-2",0,1.26926852906127,0.669,0.036,0,"31","acdh-2"
"cyp-13B1",0,1.26724608621527,0.555,0.021,0,"31","cyp-13B1"
"lect-2",0,1.25055267910279,0.847,0.07,0,"31","lect-2"
"F54D5.12",0,1.24890455633258,0.813,0.051,0,"31","F54D5.12"
"mig-61",0,1.24778892507811,0.975,0.135,0,"31","mig-6"
"lam-33",0,1.24674014614155,0.92,0.122,0,"31","lam-3"
"hrg-3",0,1.24350747788621,0.512,0.013,0,"31","hrg-3"
"W10G11.191",0,1.23081179305847,0.681,0.008,0,"31","W10G11.19"
"D1022.4",0,1.22656754681786,0.791,0.04,0,"31","D1022.4"
"prx-13",0,1.22575941383201,0.709,0.015,0,"31","prx-13"
"nhr-205",0,1.22009594017873,0.518,0.003,0,"31","nhr-205"
"pezo-1",0,1.21662387294856,0.902,0.068,0,"31","pezo-1"
"tag-1201",0,1.21407687152276,0.669,0.015,0,"31","tag-120"
"crn-6",0,1.2122842668648,0.509,0.008,0,"31","crn-6"
"swt-3",0,1.20060525413644,0.365,0.005,0,"31","swt-3"
"vem-1",0,1.18758581256421,0.813,0.062,0,"31","vem-1"
"F53H8.3",0,1.18537374556186,0.54,0.007,0,"31","F53H8.3"
"C17F4.71",0,1.18397310242874,0.356,0.016,0,"31","C17F4.7"
"ugt-25",0,1.18226114280377,0.439,0.004,0,"31","ugt-25"
"dhs-2",0,1.18123315102283,0.629,0.007,0,"31","dhs-2"
"fat-3",0,1.17972216636124,0.709,0.024,0,"31","fat-3"
"lron-71",0,1.17960378730844,0.669,0.02,0,"31","lron-7"
"lam-2",0,1.17310414050887,0.902,0.105,0,"31","lam-2"
"nhr-80",0,1.17252207488196,0.61,0.006,0,"31","nhr-80"
"cest-2.3",0,1.16433429686227,0.546,0.003,0,"31","cest-2.3"
"dgat-21",0,1.16322020234797,0.558,0.01,0,"31","dgat-2"
"R08E5.3",0,1.16309037595243,0.564,0.041,0,"31","R08E5.3"
"gcst-1",0,1.15425446442127,0.767,0.03,0,"31","gcst-1"
"mrp-3",0,1.14920850871524,0.607,0.01,0,"31","mrp-3"
"acaa-2",0,1.14838293659861,0.874,0.111,0,"31","acaa-2"
"ugt-211",0,1.14543057193998,0.255,0.008,0,"31","ugt-21"
"F54D1.61",0,1.13971333329419,0.488,0.038,0,"31","F54D1.6"
"F21A3.11",0,1.13586576941283,0.592,0.002,0,"31","F21A3.11"
"cest-25",0,1.12240953921824,0.641,0.013,0,"31","cest-25"
"ugt-461",0,1.11948183941772,0.638,0.012,0,"31","ugt-46"
"pgph-3",0,1.11929053084986,0.503,0.04,0,"31","pgph-3"
"adk-1",0,1.11604905685655,0.874,0.078,0,"31","adk-1"
"hsp-60",0,1.11556074899812,0.828,0.06,0,"31","hsp-60"
"T12B3.3",0,1.11549768532088,0.748,0.025,0,"31","T12B3.3"
"T20B3.1",0,1.11542532107221,0.666,0.011,0,"31","T20B3.1"
"ZK1307.1",0,1.11417496101024,0.672,0.032,0,"31","ZK1307.1"
"R11F4.1",0,1.10720435157582,0.742,0.02,0,"31","R11F4.1"
"nadk-1",0,1.10289286204839,0.641,0.019,0,"31","nadk-1"
"cth-1",0,1.10075791231449,0.623,0.022,0,"31","cth-1"
"C17E7.13",0,1.09898959621352,0.653,0.009,0,"31","C17E7.13"
"Y57A10A.14",0,1.09466983742437,0.644,0.012,0,"31","Y57A10A.14"
"elt-2",0,1.09169241782242,0.767,0.019,0,"31","elt-2"
"plpp-1.2",0,1.08861688920004,0.706,0.028,0,"31","plpp-1.2"
"cpt-2",0,1.07296763291191,0.834,0.057,0,"31","cpt-2"
"nuc-1",0,1.0723925595418,0.81,0.031,0,"31","nuc-1"
"C52D10.3",0,1.06983836343871,0.586,0.011,0,"31","C52D10.3"
"T06A1.51",0,1.06716297034005,0.497,0.008,0,"31","T06A1.5"
"ifo-11",0,1.06654671565791,0.724,0.039,0,"31","ifo-1"
"npa-11",0,1.06317388162643,0.715,0.064,0,"31","npa-1"
"pycr-1",0,1.06156714824449,0.742,0.018,0,"31","pycr-1"
"ech-1.1",0,1.06057947219314,0.61,0.011,0,"31","ech-1.1"
"C44F1.1",0,1.05895261443281,0.577,0.007,0,"31","C44F1.1"
"T02C5.11",0,1.05587530618138,0.595,0.02,0,"31","T02C5.1"
"Y43F8C.13",0,1.0533657541283,0.528,0.008,0,"31","Y43F8C.13"
"F30F8.5",0,1.04813716240114,0.752,0.034,0,"31","F30F8.5"
"wht-1",0,1.04793761835649,0.482,0.007,0,"31","wht-1"
"acox-1.1",0,1.04406511645035,0.678,0.018,0,"31","acox-1.1"
"C03B1.13",0,1.04254950199194,0.525,0.005,0,"31","C03B1.13"
"F08F1.3",0,1.04224025437636,0.613,0.011,0,"31","F08F1.3"
"ugt-481",0,1.04098411158501,0.61,0.013,0,"31","ugt-48"
"B0303.3",0,1.03376185750314,0.853,0.104,0,"31","B0303.3"
"lyst-1",0,1.02803152571144,0.702,0.018,0,"31","lyst-1"
"ugt-52",0,1.02248500266807,0.549,0.006,0,"31","ugt-52"
"C06H5.6",0,1.01231308404838,0.521,0.005,0,"31","C06H5.6"
"T14G8.3",0,1.01028028406896,0.917,0.104,0,"31","T14G8.3"
"hyl-2",0,1.00297227916003,0.653,0.02,0,"31","hyl-2"
"R11A5.3",4.67450420840221e-288,2.08311364986635,0.81,0.118,8.83995490850942e-284,"31","R11A5.3"
"lmp-1",3.39005509664592e-283,1.76807337748716,0.969,0.17,6.4109331932671e-279,"31","lmp-1"
"ttr-501",3.71244978470285e-281,4.71161973872215,0.997,0.36,7.02061378785156e-277,"31","ttr-50"
"nduo-51",4.84300495488349e-267,1.25156847311332,0.951,0.159,9.15860667018018e-263,"31","nduo-5"
"hsp-16.2",2.23656402490841e-250,3.23655568529854,0.88,0.191,4.2295662275043e-246,"31","hsp-16.2"
"clec-2661",1.8449677558577e-244,3.06954869662054,0.988,0.318,3.48901852310249e-240,"31","clec-266"
"hsp-16.41",6.39293246434128e-216,3.13283170631628,0.902,0.233,1.20896745833158e-211,"31","hsp-16.41"
"nlp-31",1.32334213645644e-209,2.90173407430175,0.672,0.113,2.50257231425278e-205,"31","nlp-31"
"nduo-42",1.30401733625906e-193,1.69331989882326,0.982,0.231,2.4660271845995e-189,"31","nduo-4"
"acdh-11",1.25736609368472e-180,2.71115089948667,0.985,0.42,2.37780501976717e-176,"31","acdh-1"
"hsp-1",9.60635144808477e-176,1.10599576213263,0.899,0.195,1.81665712234731e-171,"31","hsp-1"
"nduo-12",2.60774968547895e-173,1.9027346565157,0.979,0.265,4.93151543020925e-169,"31","nduo-1"
"ret-1",9.46857624684137e-166,1.02363584734544,0.979,0.224,1.79060245404017e-161,"31","ret-1"
"F07H5.13",3.36982623352404e-161,1.12051020189396,0.902,0.202,6.37267839021731e-157,"31","F07H5.13"
"ctc-32",5.31620353100166e-149,2.18123985648554,0.982,0.459,1.00534724974772e-144,"31","ctc-3"
"atp-62",2.28619996559826e-143,1.86753788600339,0.982,0.565,4.32343275494288e-139,"31","atp-6"
"enpl-12",5.7295712944326e-140,1.18791811268729,0.991,0.266,1.08351922749015e-135,"31","enpl-1"
"ctb-11",4.73732593228941e-139,1.2526539449984,0.969,0.257,8.9587570705525e-135,"31","ctb-1"
"icl-11",2.24436698808264e-137,1.43885519780968,0.966,0.271,4.24432241116308e-133,"31","icl-1"
"dao-21",1.08579329579248e-127,1.56587763898155,0.951,0.294,2.05334370167316e-123,"31","dao-2"
"nduo-62",1.15211626861866e-118,1.66643319348131,0.988,0.529,2.17876707558474e-114,"31","nduo-6"
"gln-3",3.04977027176479e-117,1.24292928792832,0.911,0.259,5.76742056093439e-113,"31","gln-3"
"ctc-22",6.42586035581857e-114,1.83931426009062,0.982,0.474,1.21519445188885e-109,"31","ctc-2"
"nlp-771",1.00464297283107e-111,1.8865658893041,0.871,0.285,1.89988032592084e-107,"31","nlp-77"
"M28.5",7.82355064614531e-103,1.10758321671004,0.865,0.252,1.47951166269254e-98,"31","M28.5"
"crt-11",1.51090665674796e-85,1.17416507153792,0.997,0.519,2.85727557857606e-81,"31","crt-1"
"rpl-7A1",4.39694951829928e-80,1.09576169552656,0.936,0.391,8.31507123405577e-76,"31","rpl-7A"
"ctc-11",2.43201037163111e-72,1.17356564141051,0.985,0.406,4.59917481379159e-68,"31","ctc-1"
"F59C12.4",1.00489139515137e-42,1.59896755778714,0.89,0.431,1.90035011737075e-38,"31","F59C12.4"
