Barcode,UMAP-1,UMAP-2
AAACGCTGTAATGCGG-1,1.6899996643322763,-54.87582825045864
AAAGAACTCATCGCAA-1,-6.878809726711981,0.9476360763320001
AAAGGATCACCTCTGT-1,1.1076308309536556,-53.51101051933675
AAAGGGCAGACGGTTG-1,-8.27677352061119,-2.239571441877525
AAAGTCCAGTAAATGC-1,2.8193605425441923,-54.37559369286472
AACACACAGATGGTAT-1,1.981519935986005,-53.603345857929206
AACCAACAGATAGGGA-1,-6.201273547715245,2.7114028528998158
AACCAACAGCCAAGCA-1,-9.079058046191603,-3.107484940933934
AACCAACAGTTTCGGT-1,-8.08681232043096,-0.016990640391230983
AACCAACTCCTGCTAC-1,-8.058062017938033,-0.42682437726889055
AACGAAACACACAGCC-1,0.41915913496226875,-54.49927192234907
AACGGGACACGTCTCT-1,-5.773750380668518,-3.253343109057646
AACGGGATCCTGATAG-1,-5.850233026868295,1.5206558097485978
AACGTCAGTAGGCAAC-1,-8.305856650143735,-2.321009825171164
AACTTCTAGCGAATGC-1,-1.1446568998492364,2.179759207272257
AAGACAAGTGTCCAAT-1,-8.336179675491442,-1.8972621529270337
AAGATAGAGCTGACAG-1,0.17056684791510215,-53.46561774057705
AAGATAGAGTTGGAGC-1,3.4238450880085267,-54.13154051243935
AAGCGAGGTTTACTTC-1,1.912225830479023,-53.34032982394119
AAGGTAACATCATGAC-1,-8.671071169346687,-3.470248578350383
AAGTCGTCAATCCAGT-1,-4.222434814352783,5.025607371411683
AAGTGAAAGCCTCATA-1,0.231828596397969,-53.88111880901762
AAGTGAATCGAGTACT-1,-9.155761545987323,-2.528338529210344
AATCGTGCATCTCCCA-1,-8.235103316949788,-0.23993559061841957
AATGGAAGTATTCTCT-1,-7.753156627368762,-0.12210923500304123
AATGGAAGTGGTCTGC-1,-4.068354694580268,5.404782755006114
AATGGAATCCAACTGA-1,0.9199404419994966,-52.519120689872246
ACAGAAACACGTGTGC-1,0.1441825979386808,-54.11209818946274
ACAGAAATCATTGCCC-1,-8.495459945586973,-3.3019826214829764
ACAGCCGGTTCAACGT-1,1.4988292938545567,-54.225333250390676
ACATCCCTCGCCAACG-1,1.652124605220436,-53.425303265089234
ACATCGAGTGTATTCG-1,3.035431172956789,-53.09577566175485
ACATTTCCAGCCGTTG-1,-8.84973279863987,-1.820403069594129
ACCACAAAGGGCCCTT-1,2.5149189930519165,-54.56357903010847
ACCATTTGTAGCACAG-1,-7.904560361843435,-3.467612576917755
ACCATTTGTGCGAGTA-1,1.5602737465614303,-54.615961613996824
ACCTGAAGTGCCAAGA-1,1.7649485373237657,-53.94076205337873
ACCTGTCCAGTAGAAT-1,-8.818128452292566,-1.5175346889705
ACGATCATCATCGGGC-1,0.8561697821457507,-55.095477155121706
ACGATGTCAACGATTC-1,-5.545522247446585,-2.224784611930677
ACGGGTCTCTGGGAGA-1,1.7953781717602773,-53.516686359021755
ACGGTCGTCGAGTGGA-1,0.6490763926924035,-54.89649989311093
ACTATGGCACTTTATC-1,-8.353665573490856,-1.4893104910912711
ACTGATGTCGTGCGAC-1,-4.34425064985305,5.027883337518045
ACTGTCCAGCCGATAG-1,-3.691121815919619,0.3915561247234877
ACTTAGGAGGTTCATC-1,0.39485153140773627,-53.82266488703187
ACTTTCAAGTTTCTTC-1,-7.996150258265024,-3.2570577231545226
AGAACAACAATACCTG-1,0.5649450055729667,-53.15171858280859
AGAACAAGTGTTGAGG-1,3.088194607028837,-53.92117858253053
AGAAGTAAGTCGAGGT-1,3.9694648356041653,-52.67692880805495
AGAAGTACATTGACCA-1,0.900333531217785,-53.1131676070304
AGACAAAGTTATGTCG-1,-1.8947225881387697,2.450473370881524
AGACACTAGGGCTTCC-1,3.844076510938965,-53.007784459040344
AGACACTCAGTGGGTA-1,-7.871511112329427,-0.27244239179396007
AGACAGGGTTTACACG-1,2.734534656372924,-51.226711268034215
AGACAGGTCATCGCTC-1,-3.468332023527274,2.2153461730130726
AGACCATTCAAAGGTA-1,-2.2621067116804343,1.1507349491060443
AGAGAATAGGGTCTTT-1,-5.510841526544999,-3.122373005387272
AGAGAATGTCGTTTCC-1,-8.181364103141306,-1.1388978814961994
AGAGAATTCTTGCAGA-1,-3.6823980356100843,0.154965034510935
AGAGCCCCACCGGTCA-1,1.2733497009485437,-55.156989298830155
AGATAGACAGAACTTC-1,2.411889443476265,-54.81104355914619
AGATGCTAGATTACCC-1,0.09035532555046746,-54.11899644191592
AGCCAGCGTAGGCAGT-1,0.5495173813746468,-54.84563425156701
AGGACGATCAAACCCA-1,-8.361205531304378,-3.1887469989973707
AGGACTTAGGTTCCGC-1,-10.9257160473242,-2.0429038532028985
AGGATAACATGCCGCA-1,0.2822624354181548,-54.2648056290694
AGGATAAGTTCCACAA-1,-9.50929324532762,-1.8249821037341898
AGGCATTCAAAGGCAC-1,-5.927821780920977,4.487181196817058
AGGGCCTCATGGCTGC-1,0.46352072488046986,-54.17371093930879
AGGGCCTTCGGTGCAC-1,1.1355060007379327,-54.64127172597558
AGGTCTACAAGAGGTC-1,-4.377640974371497,4.903382181647605
AGGTGTTAGCACGGAT-1,-3.5752550592989714,0.06868776444615611
AGGTGTTAGGGAGTGG-1,-6.286062715823802,-3.2819984211241224
AGGTTACGTCATCGGC-1,-6.571163453898274,1.0980413983818273
AGTACTGAGTAAGACT-1,-8.968809468210207,-3.0836384527068152
AGTCACATCACTGGTA-1,2.317111679462343,-51.694693619715046
AGTCATGGTGAGTTGG-1,-4.823379407152464,5.17835083725377
AGTGACTGTAGATCGG-1,2.036367597378542,-53.42441480261851
AGTGATCTCGGAGTAG-1,-4.217096709161551,1.6415392703901999
AGTGCCGCATTCTTCA-1,-4.225866455192053,5.074237536531616
AGTGCCGTCGTAACCA-1,1.7724587292052059,-52.59255479657126
AGTGTTGAGGCCACCT-1,-6.209647413194224,2.9318502916110085
AGTTAGCAGAGTACCG-1,-8.378514582047032,-3.0640501395716697
AGTTAGCAGGCCTTGC-1,3.3530403863204716,-51.81879942960546
AGTTCCCAGGAACGCT-1,-7.208534139572861,1.3815216970586204
ATACCTTGTGTCCAAT-1,1.3529471970649731,-54.391062422701836
ATACTTCTCGAAGAAT-1,2.422930152658168,-51.36430798933413
ATATCCTTCACTGTTT-1,-8.568370215938256,-3.4605062060364484
ATCATTCGTGGCAACA-1,-6.982610179587645,-3.4575029771722146
ATCCATTGTATCGTTG-1,1.201673538478969,-53.54859531289638
ATCCGTCCAGTCACGC-1,3.3183428437392535,-54.10373525418289
ATCCTATGTAAGTTAG-1,-8.10163443324568,-3.617651204250093
ATCGATGTCCAACTGA-1,2.8156979304511918,-53.55846065909555
ATCGGATCATAACTCG-1,-8.051970184638257,-2.5831366645738254
ATCGTAGTCATCCTAT-1,1.8526541322765855,-54.975798810018816
ATCGTGATCCACCTGT-1,0.37512049439797956,-54.74790328922141
ATCTTCAGTAGATCCT-1,-3.596351014002758,0.2150308970944814
ATGAAAGTCGGAAACG-1,1.4109818152766815,-54.857184715591224
ATGAGGGAGCGTATAA-1,-5.442327264708114,-1.4455987224230067
ATGAGTCAGCGCACAA-1,-5.659875357467431,-1.9096568141658476
ATGAGTCCACCCTTGT-1,1.2653009949719913,-54.59175264893615
ATGATCGAGAGGTCAC-1,2.1006765606220257,-54.85078643129859
ATGATCGCAGCAGTAG-1,3.9349063857395015,-52.82590994209892
ATGCATGAGTCATAGA-1,2.663068087615617,-54.417535894776655
ATGCGATCAACATCGT-1,4.638488184224262,-51.82997538384919
ATGGATCAGAAACTCA-1,2.3691921174977097,-54.205190088869266
ATGGGAGAGAAATTCG-1,-3.7056835770551966,0.45893490091202893
ATGGGTTTCAGTCTTT-1,-6.445795784513316,1.4603855011002023
ATGGTTGAGAACAAGG-1,3.7194861891951754,-52.54021622242102
ATGGTTGGTCTCACAA-1,2.6890250954227386,-51.66731470645812
ATTATCCTCGGAAACG-1,-7.756292238060791,-0.07253090020340595
ATTCACTCATGAATCC-1,-8.13607102148898,-2.633265682876451
ATTCTACTCGATGGAG-1,-5.901751760572771,-3.320269627045484
ATTCTTGTCATTACGG-1,2.2606151952545965,-54.62410150652809
ATTTCACAGAGTGAAG-1,-6.954239171638697,1.4455131129187766
ATTTCTGTCATCTACT-1,1.3580579243519921,-54.755874682107915
CAACAACTCTGTACAG-1,-7.948042410358744,-2.5927722745779818
CAACAGTGTTTCCATT-1,-6.046196497696761,3.1853977222885894
CAACCAAAGGTAATCA-1,-8.796565293637924,-2.2133779481664417
CAACCTCAGTCCTGCG-1,-3.5982813980886372,0.16898201028145643
CAACGATCAAGTGGGT-1,-9.216341497347738,-2.278515442346851
CAACGATGTCTACGAT-1,-7.674650189970125,-3.5327919031739468
CAACGGCCAGCTATAC-1,2.459543464920215,-52.06253249893305
CAAGAGGAGATAGGGA-1,3.6885630944643726,-53.2660818908934
CAAGAGGCATGACTTG-1,1.0537940796846292,-54.55136290215032
CAAGCTACAGAGGTTG-1,0.07899386166551814,-53.72938486042078
CAATACGTCCGTGTAA-1,-5.44991244371803,1.6176126197635772
CAATACGTCTGGGCAC-1,3.5303357703596827,-53.856848578925344
CAATCGAAGGTTATAG-1,1.2297214110451273,-53.916986249724445
CAATCGAGTAATACCC-1,-1.4894921572260453,2.258394104030208
CAATTTCCATACCACA-1,-4.045906734453357,5.057216803924186
CAATTTCTCATATGGC-1,-8.59679263878538,-3.4347699349003187
CACAACAAGGTGCAGT-1,4.526892335634111,-51.940695584576325
CACAACAGTCATAGTC-1,-8.048533188353431,-3.5087080647485887
CACACAAGTCTGTAAC-1,2.0231343928029104,-54.2584844427231
CACAGATGTGTTAAAG-1,-8.540991913354233,-1.6250409464595248
CACAGATGTTCCGCTT-1,-9.783242549728243,-0.40447505166440456
CACAGGCCAAAGTGTA-1,3.5306632220404914,-53.77702585199425
CACAGGCCAGAGGGTT-1,3.9274830042597686,-52.59965733362666
CACAGGCGTCCCTAAA-1,3.098321384321903,-53.54762995315376
CACAGGCTCACTCTTA-1,-6.346864157494336,1.433650014262056
CACATGATCCACAGGC-1,-8.110103417252178,-0.6906527960890305
CACGAATAGCACACAG-1,-5.9040037355053325,-3.1820421913917034
CACGGGTGTTGTGTAC-1,2.6866119886548225,-54.64342887830065
CACGGGTTCAGGCGAA-1,1.2873776573276337,-54.96371375373118
CACGTGGGTTACTCAG-1,-6.554250898753044,1.263744872847404
CACTAAGGTCCAGTTA-1,-5.500092285532669,-1.7190637668036952
CACTGTCGTCCTGGGT-1,0.4293554934673501,-53.840493396212786
CACTTCGAGCGGTATG-1,-9.132004217276805,-2.8249524058470996
CACTTCGTCAAGCCTA-1,-9.736424385401978,-2.7482071061525577
CAGCACGGTCGAGTTT-1,-8.260426226550921,-2.8972687523602043
CAGCCAGGTACAGCGA-1,0.2194626621155858,-54.00039854102131
CAGCCAGGTTTAGACC-1,-3.66716341875444,0.4451259951147025
CAGGCCATCACAACCA-1,-5.997458690022128,1.586035943653657
CAGGGCTAGCTTCATG-1,1.051019835996764,-54.16407029208583
CAGGTATCAGCGGATA-1,-4.110682333646866,1.6621829679027387
CAGGTATCATTAGGCT-1,-5.388111328375922,-2.3950225481906573
CAGTTAGAGACATCCT-1,-8.117668649643202,-3.635475404187734
CAGTTAGTCGTTCATT-1,-8.313441131452448,-3.40231832555862
CATAAGCGTATTGGCT-1,3.865812237785082,-53.13039784918528
CATACCCCAGTTTCGA-1,2.80164222174974,-52.9312212858328
CATACCCCATCCTGTC-1,-3.4391087627208408,2.1287281968213305
CATACTTAGCTCTTCC-1,-5.472890740591612,1.5261049173627095
CATCAAGTCACGATCA-1,3.8944799392098366,-52.58841269110373
CATCGCTGTTCGGCGT-1,0.965795764801599,-54.172187120221594
CATCGCTTCCGTTTCG-1,-7.040453238560472,1.2132373290373804
CATGAGTAGCCATATC-1,3.565075309864297,-52.25464799119495
CATGCCTCAAGCAGGT-1,-5.71705880421355,1.5670268048275664
CATGCCTCACACCGAC-1,1.1532762515553343,-54.96036822844143
CATGGTAAGCCTGGAA-1,3.482037202521641,-51.94024043578554
CATTCCGCAGAGCGTA-1,-6.92572042210827,0.9228386646180158
CATTCCGGTCTGCATA-1,3.8308935548239305,-52.828864274278814
CATTCTACACCAGCGT-1,-3.7622064430487785,0.30363639105683843
CCAAGCGTCGATACAC-1,4.5858143684425565,-51.82543305729445
CCACAAATCTATCACT-1,0.6730943459804667,-53.56285656798793
CCACACTTCACACCCT-1,2.601095817066901,-54.731620313661345
CCATCACGTCACTCTC-1,1.175756208213639,-53.69007292630592
CCCTCAAAGTCTCGTA-1,-5.3956477565329575,1.5239514984465217
CCCTGATCACACCTAA-1,1.0082382614645902,-54.423758527709104
CCCTTAGAGCGAGTCA-1,3.5163031951808863,-53.85991558399206
CCGAACGCAAATGCGG-1,3.3795201147918914,-53.581963483476265
CCGAACGTCTCTTCAA-1,0.3716532800286372,-54.79367574655339
CCGATCTGTCTACATG-1,-2.9209305178499143,3.3309717139841393
CCGATCTGTGCACGCT-1,0.15256966194750368,-53.9854145588302
CCGATGGGTCTGTGAT-1,-8.421312264199662,-3.1369929620115165
CCGCAAGAGTAGCTCT-1,0.13631480983732674,-54.147671523611905
CCGGACACAAGCGATG-1,-7.825715455664781,-2.9119247801235386
CCGGACACATAAGCGG-1,-4.591804489085541,1.512858037088329
CCGGGTAGTTCGTGCG-1,-10.362091842142544,-2.500786321363102
CCGGTAGCACTCCACT-1,0.5804936161566714,-54.32507630469316
CCGGTGACACGGCCAT-1,0.5110745358101606,-52.38681123101511
CCGTGAGCACTCCCTA-1,-8.064902905538565,-3.4376212582380177
CCGTTCATCTTCCAGC-1,0.08513715321725578,-53.20698462989165
CCTCAACGTGTAGCAG-1,-10.897786630606685,-1.8175544874439065
CCTCACAGTATTGGCT-1,-4.323040710125543,1.4140577937160952
CCTCACAGTGGCTGAA-1,-8.458293258484593,0.01496821510379909
CCTCATGGTGGCAACA-1,-7.339292558239467,0.30240280124487934
CCTCCAAAGCCACCGT-1,-8.285272357453605,-1.7679746878205804
CCTCCAATCAAGTGTC-1,-7.67305651988739,-2.3398941831807374
CCTCCTCAGAGGGCGA-1,2.0130424171800128,-54.294180886115484
CCTCCTCCAGTTCCAA-1,3.226110244638442,-53.607389621318255
CCTGCATCAATACGAA-1,3.41412281535225,-53.085171147517364
CCTTGTGAGGTAGCAC-1,3.3875822414500067,-53.04604899760388
CCTTTGGGTCCTGGTG-1,0.3958438902302428,-53.06220800516664
CGAATTGTCAGTGTTG-1,-8.569808213755408,-3.686000953539796
CGAGTGCGTCGAGCTC-1,-9.321766552990166,-3.0439598312192753
CGATCGGTCGAGATGG-1,0.7717401938105302,-53.499804646390245
CGATGCGAGTATTAGG-1,0.5433556206613123,-52.2952302860179
CGATGCGGTGAGTTGG-1,-7.089001819885939,0.973632881380192
CGATGCGTCGCTACGG-1,0.9204104441979378,-54.34044686186418
CGCAGGTCACGGGCTT-1,1.6165105387201757,-54.15971447141747
CGCCATTAGTCTTCGA-1,-7.659529399877132,-3.6515726262530697
CGCCATTGTTCCCAAA-1,-9.145443432743777,-2.37218773480452
CGCGTGAGTTTGTGGT-1,-4.502610692368594,5.196654913489745
CGGAACCAGGCCATAG-1,-0.1698194858303476,-53.6605394917846
CGGAACCTCTGCGATA-1,0.68715841541118,-54.732947088702865
CGGACACGTAGCTGAG-1,2.5082252282104225,-53.17245344314515
CGGGACTAGATAACGT-1,3.739988182242182,-52.277330578457466
CGGGCATTCTAGTGTG-1,-8.669298201188177,-3.519821513382095
CGGGTGTCATCTAGAC-1,1.3810441908530064,-54.42788107001546
CGTAAGTCATTAGGCT-1,2.7906719586425717,-51.80468617741518
CGTAAGTGTCTGATAC-1,-7.777499709032089,-0.19260559199191382
CGTAAGTGTGGATTTC-1,-3.8725075071929,1.7727359770209725
CGTAATGGTCCCTCAT-1,0.5236132946152381,-52.94465315608357
CGTCCATGTAACGGTG-1,3.5924547969049314,-53.798147068588385
CGTCCATGTGCTCGTG-1,-8.239871029615417,-1.8742416284897818
CGTCCATGTGGGAGAG-1,-7.606032518708631,0.15379332503437554
CGTGAATTCAGAGTTC-1,0.5650881599849437,-52.52917577702061
CGTGTCTAGGTCTGGA-1,-4.022410746967161,1.7294567461493435
CGTGTCTGTTGTTGCA-1,4.066125159702434,-52.759371596669894
CTAACCCAGCAGGCTA-1,3.1159346201038325,-53.8578085126237
CTACATTAGCAGAAAG-1,0.309841645946213,-53.82252730200305
CTACCCATCGTCCATC-1,-5.813887066177792,-2.479725727225253
CTACTATAGTCGCTAT-1,0.4009817846564904,-53.09067035635251
CTACTATTCGAGTGAG-1,-8.467794145350638,-3.737228584005529
CTAGGTAAGATTCGCT-1,3.7874308962037935,-52.698658120407366
CTCAAGATCGTTATCT-1,-3.6599313080360227,0.8018489874656195
CTCAGAAAGCGATGCA-1,1.6504402061836878,-53.87886269526358
CTCAGGGAGTGGCGAT-1,-8.38246124050461,-3.749284796377479
CTCAGTCGTGAGAGGG-1,0.9065305884615283,-54.69378684648213
CTCATCGAGGTGAGCT-1,0.1521338136293946,-53.80317528576614
CTCATCGCAAGAATAC-1,-6.383452308203102,-3.2207615714145925
CTCCAACAGAGCGACT-1,-4.540165519408839,4.602445355250382
CTCCACACACTGGAAG-1,-2.3463623289825635,1.2226269063147972
CTCCATGGTATCGATC-1,-4.082929124120818,1.6438150334565869
CTCCATGTCCACGGGT-1,-5.440458261548896,-2.8590450065194597
CTCCCAAAGCTGTTAC-1,-4.119648967037218,4.9999227595088405
CTCCCAATCTAAGAAG-1,2.381277512849047,-54.74751106395816
CTCCGATGTTCCGCTT-1,-5.811957550230165,-2.4984996114369595
CTCTCAGAGATGAACT-1,-3.715423188800944,0.0379521080164002
CTCTCGAGTACCCACG-1,-6.395642920543189,0.5884458321437902
CTCTGGTCAGGTGTTT-1,1.867653155753702,-51.95722996911072
CTCTGGTCAGTATACC-1,-8.351411687175215,-3.527923972047552
CTGAATGTCAAAGGTA-1,-2.3250838340137205,2.2381881308931955
CTGAGCGAGCATCTTG-1,-6.790352952092974,0.914696474915034
CTGAGGCGTATGGAGC-1,2.0222572859715044,-52.135568961318945
CTGCATCAGGTGCTAG-1,2.275969707402539,-54.27197888095316
CTGCCATCATACAGCT-1,3.460772451746346,-53.91644278808926
CTGCCTAGTCAATCTG-1,-8.827159022878313,-3.178130813301567
CTGCGAGTCTATTCGT-1,-3.4769265813951455,5.312141855889591
CTGGCAGTCGTGGCGT-1,0.7753533072560508,-54.810712646823134
CTGGTCTGTCAGCTTA-1,3.5297341283708743,-53.61228569298229
CTGTACCTCAAAGGAT-1,0.805873031414124,-54.199482954022
CTGTATTAGCTAATGA-1,-3.4754193094674104,2.0840793410708724
CTGTATTAGTAGTCTC-1,-5.309402397676705,-2.980077151444945
CTGTCGTAGCTGTACT-1,1.4432872907040646,-55.03836965020831
CTGTGGGCAGACTGCC-1,-5.923147164541544,-3.0568609874682533
CTTACCGTCATTGTTC-1,1.8780986528513128,-53.81292535016419
CTTAGGATCCAAACCA-1,-5.820870772407665,-2.3933170757143554
CTTCAATGTGGACAGT-1,-7.057821507597493,1.2269097759167824
CTTCGGTAGAAGGGAT-1,-6.763846314868794,-3.4104992891599775
CTTCGGTTCTCAGAAC-1,-4.171647899248314,1.6097460638283376
CTTCTCTCAGAGATGC-1,1.0255082288571176,-55.080443748372176
CTTGAGACAGGAGGTT-1,3.4847959257164796,-51.89714596139445
CTTTCGGGTAATCAGA-1,-8.809617352661574,-3.279274293062613
GAAACCTTCTACTGAG-1,2.3628869574976563,-54.02212368891588
GAACTGTCATTGTACG-1,0.9846946739405033,-54.0467213655658
GAACTGTGTATCCCTC-1,-6.309567598071946,-3.2993220358017568
GAAGTAAGTCAAGCGA-1,4.202905968740443,-52.24243345613772
GAATCGTAGTCACACT-1,-7.526149058461736,0.09224072621999677
GAATCGTCAGGATCTT-1,-3.7320172455533074,0.08628678116368838
GAATCGTTCTTTCAGT-1,3.4182738200531224,-53.76360721648474
GACAGCCAGTGCAAAT-1,1.4720820621606951,-53.917070756158296
GACCCTTGTTAAGAAC-1,3.800849541510587,-52.304621019480464
GACCGTGCATGGCCCA-1,-5.391811303259472,-2.577245460906392
GACTATGTCCTCGATC-1,-8.43910771688806,-2.003355962056302
GACTCAAAGCATGCAG-1,2.805769046002149,-52.98692691571385
GACTCTCTCGACGAGA-1,-3.8917767375499386,1.2799987609006722
GACTTCCTCGCAATGT-1,-6.405601092951819,2.0759077006357676
GAGACCCCACCAGGTC-1,-3.6099257692411006,0.3086374953986967
GAGACCCCAGCGTAGA-1,3.637043578471132,-52.18087308918933
GAGCTGCCAGACCAGA-1,-5.622128937812404,-1.0616724835225766
GAGGCCTCACACGGTC-1,-6.8715002266197125,0.6823888373808539
GAGGCCTTCCTCACCA-1,-8.805560768763984,-2.8586142607301515
GAGGGATAGTCACTGT-1,-8.837997797416909,-3.6221797978500283
GAGGGATTCTAGCCAA-1,-8.685458767477352,-3.1755170225338536
GAGTCTACAAGTCCCG-1,1.6137457391180159,-53.62675851156418
GAGTGAGAGTAAGACT-1,-8.451706231605005,-2.1935885862599434
GAGTTGTCAAATACGA-1,-6.894603631661248,1.0801166108858813
GAGTTTGCAGCGCGTT-1,-3.644199480032692,0.3578498539770379
GATAGAAAGGTGCTTT-1,1.2031261903010748,-54.0081905137876
GATAGAAGTGCCGAAA-1,-3.3914375582914533,2.352230098190888
GATCACACATCTGTTT-1,-7.9212532928625,0.03541298399381806
GATCATGGTGAATTGA-1,-9.001853337513795,-2.015770680664902
GATCCCTCAGCAGTAG-1,3.6249904967568845,-52.58340397547957
GATCGTAAGAACGTGC-1,4.612831013712209,-51.79954835512687
GATCGTACAACTACGT-1,-9.019652953862316,-2.021286235547212
GATGGAGGTCCAAATC-1,0.46617654224097593,-54.65020824579725
GATGTTGAGTTGCGCC-1,-1.7750971860218105,2.358365863634918
GCAACATTCCATGAGT-1,2.6093831031649035,-54.45355284495132
GCAACATTCTCTTGCG-1,1.9193158849675354,-53.827295873756164
GCAACCGTCGTAACTG-1,-7.935002032319117,-1.05876639354783
GCACGGTAGATTGTGA-1,-5.275350725197629,-3.1064857241178436
GCACGGTAGTCATAGA-1,1.238095445271581,-54.96187873490473
GCACGGTCAATAAGGT-1,3.600427490135947,-52.95454422197025
GCAGCTGCACAATCTG-1,1.9262759395008,-54.390368232132886
GCCAACGTCCTTCAGC-1,-7.748440425700594,-3.4372574937465634
GCCAGCAGTTGCATCA-1,0.5251499163511926,-53.865462255425264
GCCAGTGGTTAAGCAA-1,-7.6439624581189545,0.5521578424290561
GCCCAGAGTTCCAAAC-1,1.8936327008648928,-54.08177888041437
GCCGATGGTCTACATG-1,0.8800848209860878,-53.16265005490564
GCCGATGTCCATAGAC-1,-7.210133562017381,0.6256844036250022
GCCTGTTGTGAGCCAA-1,2.427155588358282,-53.28627706596588
GCGTGCAAGGGTCACA-1,-8.218771202583786,-0.20498471205288912
GCGTGCACAAACACCT-1,-8.758385012243645,-1.8172753841627272
GCGTGCATCGAAGCCC-1,2.2726343642349325,-54.87574920639959
GCGTTTCTCCGTGGGT-1,-7.692042111918282,0.39673317849655104
GCTACAAAGGAACGCT-1,-5.3551595373058705,-3.190220616281031
GCTACCTAGTCAATCC-1,3.338254006918593,-53.96947820395535
GCTACCTTCCCGTTCA-1,-6.995665736276532,0.8402318746729585
GCTGAATGTTACGGAG-1,2.6409547221881637,-54.67366315346015
GGAATGGTCAAGCTGT-1,1.5513568910658073,-54.63262998233387
GGACGTCTCCGTGGTG-1,-7.663812111972738,0.4746122012913487
GGAGCAATCTAAGAAG-1,-6.37761077413184,2.625305134118831
GGAGGATCAGGAGGTT-1,0.6721150245031445,-54.79605889451503
GGAGGATCATGGACAG-1,3.380604443966769,-53.54733950789123
GGAGGATTCTCACCCA-1,2.0816386820697623,-53.98003687298326
GGATCTACAAGCCCAC-1,2.834699489671668,-54.51095394927871
GGCAGTCTCGAGAACG-1,0.20061887712373977,-53.31330474035934
GGCGTCACAAGGGTCA-1,-4.164255311522022,5.10863258693834
GGGACAATCTTTACAC-1,2.9277513014772967,-52.39026210939723
GGGACCTCACATTCTT-1,-6.980491217316422,0.8206870874018141
GGGATGAAGCTACTAC-1,-6.834549431927249,1.0874882633851648
GGGCCATAGCCTTTCC-1,-8.680879611498048,-1.5955922399030724
GGGCCATTCACCCATC-1,1.1449521203164634,-54.94542345534935
GGGTCACGTAGCTGTT-1,1.4629126497014895,-54.34297033840539
GGGTGTCCAGTATACC-1,-3.6249574632507144,0.11434689933230194
GGTCACGTCAGGCGAA-1,-8.325359919182494,-3.6740206286439507
GGTGTTAAGCACTCGC-1,3.7624091604704275,-53.43541970321941
GGTTCTCCAAAGACGC-1,-6.141894617710004,2.4852521760925583
GTAACACCAAGCGAGT-1,1.4243064495363025,-54.691081857513886
GTAACCATCCCATTTA-1,3.607366685518434,-53.8945884753526
GTAACCATCTCGTGAA-1,1.7979964922472038,-53.89047339469533
GTAAGTCAGCTGTCCG-1,-3.63812413448843,0.4611060841776781
GTAAGTCGTAGGACCA-1,0.6236517812044657,-54.8255058678595
GTAATCGCACTCTCGT-1,1.6611165660686333,-53.85989448982138
GTACAGTTCACAAGAA-1,-7.7807290678169885,-0.11264752971416848
GTAGAAATCCGACAGC-1,-1.1674238458715742,3.990274300320265
GTAGATCGTACAGTTC-1,-2.955033838426866,2.366416635682535
GTAGATCGTAGTATAG-1,3.4736429722520015,-51.88778164399553
GTAGGAGTCTCGCTTG-1,-5.0545214946821515,1.5238898868083273
GTAGGTTAGACGATAT-1,3.7270527539761784,-52.048049377170706
GTAGGTTCATGGCCCA-1,-7.481323715425588,0.6637011600976862
GTAGGTTGTAGATCGG-1,-3.0802648902742593,4.527354663318621
GTAGGTTTCTACGCGG-1,3.819695325622211,-52.6479691833154
GTATTGGTCTAGCCTC-1,-5.5306232767479555,-3.079292207260703
GTCAAACTCCCATAGA-1,-5.424467915945366,-1.786538131490286
GTCAGCGCACCAAATC-1,-4.019968037610078,1.7129447200714798
GTCAGCGGTCGTTATG-1,-10.38786666339108,-1.8095829197971827
GTCATCCCACACAGCC-1,1.6241999699089729,-54.611310302073086
GTCCTCAGTACTGGGA-1,-8.412937816413601,-0.7786417756038229
GTCGCGATCGGCATAT-1,-8.941879239156945,-1.5057883150745364
GTCTAGATCGCACTCT-1,0.5481039544243489,-53.96377243383198
GTCTCACAGACGCCCT-1,0.48441810095388677,-53.34804035789669
GTCTCACGTCGAGTGA-1,-8.554315702383706,-3.302686128998635
GTGACGCTCTAGCCTC-1,2.268401937534625,-52.031140211790685
GTGAGGACAGGCACTC-1,3.414318462221376,-52.179130724973945
GTGAGGATCCACCCTA-1,2.242839778730137,-54.7501957077788
GTGATGTCATGGGAAC-1,-8.26763279200345,-3.5648370883008207
GTGCACGAGAGCCTGA-1,1.3329185116525089,-53.7693487114251
GTGGAGACAGCGTTTA-1,-7.64304723133755,-3.2769666708909746
GTGTAACGTGGACTGA-1,-8.994662367952671,-3.578404045997789
GTGTTAGGTCTGATAC-1,-6.810812082358434,1.61898539800007
GTGTTCCGTCCTTTGC-1,2.096248046074686,-54.6739955583684
GTTAGTGGTAATGATG-1,-8.224197717138173,-2.0573976703757455
GTTATGGCAATGACCT-1,-8.809935488768815,-3.003937206842101
GTTATGGTCTCGTCAC-1,-5.4428158221307825,-2.654523245337777
GTTATGGTCTCTCGCA-1,1.0352359545901966,-54.80521303923536
GTTCATTGTTACGATC-1,-6.597606789478971,-3.4468759608733484
GTTCCGTAGGAAGTAG-1,3.556048207541783,-51.809475567707366
GTTCTATAGCATATGA-1,-6.987494759209505,1.4302405350028593
GTTCTATGTCACCACG-1,-5.668805565153035,-2.843137835944015
GTTGCGGTCGAGAGAC-1,-5.459457023421523,-2.3432467222201834
GTTGCTCAGTGCCCGT-1,-8.194991254528087,-2.5385014582154235
GTTGTCCTCCATCAGA-1,0.22549821831876943,-54.39305733148441
GTTTGGAAGCTAGTTC-1,-9.05954060671557,-2.931550173114882
TAAGCACAGTTTCAGC-1,-7.019803437664915,0.6195663402603921
TAAGCCAGTCTAGGTT-1,2.08462643627894,-53.355171927260784
TAAGCCATCAGATGCT-1,0.8008678786775887,-54.67087693377834
TAAGCGTTCTGCGATA-1,-4.182543884798909,5.420351014296639
TAAGTCGTCTTAGTTC-1,2.015099737086258,-55.08661915937113
TACCCGTTCTATTTCG-1,-5.874662348336436,-2.821154108692482
TACCGAAAGCGACTGA-1,0.49573854282932833,-53.922245029496665
TACCGAATCGCTACGG-1,-7.073860867899682,0.5371586969096295
TACGTCCCAAGAGTTA-1,1.8130159463724649,-54.19953933942829
TACTTCATCATCACCC-1,2.342430383644712,-51.270991993886845
TACTTCATCCATTGGA-1,4.072032108845226,-52.59866975127696
TACTTCATCCCTTCCC-1,-9.547335257097473,-3.2792550018402236
TAGACCAGTTCAAGGG-1,-5.634066314844008,1.4990255177637155
TAGATCGGTGTCACAT-1,-6.2410888400307085,1.6651453762888604
TAGCACACAGCGACAA-1,-8.583049798952755,-3.8202215255520824
TAGGAGGGTGACGTCC-1,0.2302155287917694,-54.213027073850256
TAGGTACTCCCTTCCC-1,2.921179670297361,-54.20048577553421
TAGTGCACAAAGGCTG-1,-8.153288843574382,-2.216628713210528
TAGTGCACACAAAGTA-1,0.01236701033658209,-53.60752153616912
TATATCCAGAAGCGAA-1,2.883932041394526,-51.880532940269354
TATCAGGTCGACCTAA-1,2.820622600186188,-54.02511901459607
TATCCTAAGAATTGCA-1,2.7197822083659906,-53.08500561267772
TATTCCATCGTTCTGC-1,0.6987324743797422,-54.447247416265476
TCAAGCAGTACTGAGG-1,-2.3087392827467688,1.2947410214129484
TCAAGCATCTATTCGT-1,-3.191868692031181,2.0197153744234644
TCAAGTGGTGTTCATG-1,2.554274346122733,-51.5160688227043
TCAATCTTCGTTCAGA-1,0.17110246878087323,-53.30196004605391
TCAATTCCACACCAGC-1,-8.96649123177366,-2.130426152142657
TCAATTCCAGATAAAC-1,-5.698600999970597,-1.5599552775770908
TCAATTCTCCTTCGAC-1,1.4136520254451876,-54.36405250142388
TCACATTCAACAGAGC-1,-4.445376306396796,4.96141701743439
TCACGCTCACGCGGTT-1,-10.82175733616182,-2.131518958499051
TCACGCTCATACCACA-1,1.9262269173589663,-54.55300399953758
TCACGGGAGTCTAACC-1,0.8468655698637055,-54.567785956314815
TCACTCGGTTGGACCC-1,1.1796246096367748,-55.03917901659372
TCACTCGTCTACGGTA-1,-5.841908656502251,-2.9860566167613545
TCACTCGTCTCAACCC-1,-8.926883144357056,-1.4152003377757287
TCAGCCTGTGTCGCTG-1,1.7412483280810445,-55.174320528202195
TCAGCCTTCTCTCAAT-1,-3.7417216080014826,0.1766100574165364
TCAGGTAAGCCTGAGA-1,-8.45706238963956,-2.3806403040427018
TCAGGTATCAACACCA-1,1.5687594235192244,-54.322927266561024
TCAGTCCCACAAATCC-1,-8.644413851856562,-3.2470515172187255
TCAGTCCCAGCAGTCC-1,2.6175302644197314,-53.4582740947489
TCAGTTTTCTGCCTGT-1,-5.53432471221264,-2.849191739790841
TCATCATTCTAGTGTG-1,-3.4651107619217334,2.284571583913149
TCATCCGCACCCAACG-1,2.3811861505362,-54.852589527762895
TCATGAGTCGACGAGA-1,1.8877179727457642,-53.586973924887104
TCATGTTGTGTGAATA-1,-6.1428203553795,3.197981684639864
TCATTACTCCTCACCA-1,0.47250996871926615,-52.94924810961262
TCATTGTCACGTGTGC-1,-5.826003258902591,-3.258837768893987
TCATTGTGTCCTACGG-1,2.379063656347352,-54.62402669817076
TCCAGAAGTTGTGTAC-1,3.0273298122367387,-54.11303312211787
TCCCACACAACGCCCA-1,-5.785320229546321,-2.813872055102088
TCCCATGGTCTTGCGG-1,1.7746380312102379,-55.177265068573945
TCCGTGTGTGGATCGA-1,2.2064536075048427,-54.66113434999858
TCCTCCCTCGGTCATA-1,2.8144213255609487,-53.694587491881705
TCCTCTTAGTATGCAA-1,-6.752975182208932,0.7421086181992111
TCCTCTTCATTGAAGA-1,-7.686779880197974,-3.095568262414386
TCCTCTTTCGCGTCGA-1,2.73131642680044,-53.77396347331149
TCCTGCACATTAAAGG-1,1.4776722606514094,-55.06904153470979
TCCTTCTCATCAGCAT-1,-8.109442355934798,-2.3295023601728913
TCCTTTCCATAGAAAC-1,2.5838748452410076,-53.82604240573285
TCCTTTCTCGGTCTAA-1,3.1610755169550973,-53.869032416573916
TCGAACATCGTGAGAG-1,-2.296239134027292,1.276501668690892
TCGACCTCATCTAACG-1,1.2306048132774212,-54.24786484524785
TCGATTTAGCATTGAA-1,1.1534480918694212,-54.92570508209656
TCGCAGGAGTTCCTGA-1,-5.707145940009311,-2.879320911475703
TCGGGCAGTGCCCTTT-1,1.5244166495284983,-54.24893655314337
TCGGGTGCACGCAGTC-1,1.7595581482715643,-52.37005002773942
TCGTCCATCAGGGATG-1,1.3331898979479166,-55.155564676684406
TCTAACTTCCAGTACA-1,-5.517377964897351,-2.6374598394026574
TCTAACTTCCTACGAA-1,3.556264290028899,-51.82606829985836
TCTATCACAATGTCTG-1,-8.137535702846998,-2.0847785779977617
TCTCAGCGTCACAGAG-1,-3.581523047821336,0.3836137463217431
TCTCTGGTCACAGAGG-1,-3.548287330392943,0.32003258391791234
TCTGTCGAGTTGTAAG-1,-9.345072058525357,-3.0825820338051124
TCTTCCTGTAACGGTG-1,-5.461762146580999,-1.9033599617195867
TCTTCCTGTTACGGAG-1,1.4049766698345252,-54.648511186099434
TCTTTGAGTATCTCTT-1,2.959260723573383,-53.82331005067979
TGAACGTCACAGCTGC-1,-1.1957479819716808,3.450354147700107
TGAATGCAGTCACGCC-1,-2.328542818974781,1.160657513390492
TGACAGTCACTTGTCC-1,0.2976498442023263,-52.638653910469166
TGACAGTGTACTTGTG-1,1.3618509959390908,-54.142048201962496
TGACCCTTCCAGTGCG-1,0.35791707443486426,-54.35128128888944
TGAGACTGTAACGCGA-1,-3.462850387996865,1.4567601116239008
TGAGACTGTCTAGGCC-1,0.6436046451947709,-53.90798593795555
TGAGACTGTGTCACAT-1,-3.9669339848423366,1.6381103591904078
TGAGGAGAGGTTCTTG-1,-6.347479084256868,1.8608937729814732
TGAGGGAAGAGCTGCA-1,3.2839773781271853,-52.31215951892391
TGAGTCAAGCACGGAT-1,2.8368555209213917,-54.61654846028136
TGAGTCATCTACTATC-1,-0.09703933214181307,-53.949006938296186
TGATCAGTCGTGCACG-1,2.62075044748895,-53.90507761048948
TGATCAGTCTATACTC-1,0.38096804880578095,-54.553747802329056
TGATCTTGTATCGCAT-1,-4.218046620718464,4.998779029211449
TGATGCAGTATTGCCA-1,-9.811496472316703,-2.91702908701371
TGATGCATCAGCTTGA-1,0.0198161996557028,-54.4684148231344
TGCAGATCAAACCGGA-1,0.4820727137044425,-54.686499124277645
TGCAGATTCGTGAGAG-1,-3.5930657314567545,1.2435100394310832
TGCATCCAGGCTTTCA-1,-5.329871669216949,-2.804714271468779
TGCATGACAGAGGCTA-1,-3.56618572924155,0.4226112099814976
TGCCGAGGTTTGCAGT-1,2.3769391068144152,-53.530176434997195
TGCGATAGTCCAGCGT-1,-7.390168531319112,0.4062710755620299
TGCGGCAAGCTGTTCA-1,-7.69145162877496,0.27516994237552006
TGCGGCACAATTTCGG-1,-5.308607888428447,-2.73021319989134
TGCGGGTGTCTTGGTA-1,-8.336146686074894,-3.7759144354417296
TGCTGAATCCCTTGGT-1,-9.950600335241749,-1.6069525369199986
TGGAACTTCGACCCAG-1,2.811346611789497,-52.40728649857062
TGGCGTGGTGGAAGTC-1,-5.334264843602326,-3.213826998980779
TGGCGTGGTTATAGCC-1,-10.130173049665471,-0.7221571338054633
TGGCGTGTCAAGAAAC-1,-7.7337056402315865,-3.096026498720825
TGGGAAGTCTCACCCA-1,0.8576019949426418,-52.20354781496137
TGGGATTCAATGTCAC-1,-9.10587378305182,-2.9179894899820114
TGGGATTGTTGACGGA-1,-9.080720651888207,-3.3268110826942947
TGGGCGTAGGTCGTCC-1,-8.161487715326585,-3.3087524845828233
TGGTACATCCATCGTC-1,-6.200364257019443,-2.9814287858812487
TGGTTAGCACTAGTAC-1,1.1848532168664618,-53.871754125160145
TGTAAGCCAGTGCCTG-1,-6.926410148151161,-2.738429125058054
TGTCAGAAGGGTTAAT-1,1.1488108962221302,-54.855658191849294
TGTGGCGTCCTCACTG-1,-2.988383742892917,3.5474506477266603
TGTTCCGTCATACGGT-1,-8.72172075648047,-1.3049644840062529
TGTTCTAAGGGCAAGG-1,-9.2171989046661,-1.638385200908506
TGTTCTAGTATCGAAA-1,-3.805876551904327,1.8878749981449563
TGTTGGAGTTCGTTCC-1,-7.014036481922546,0.7079840577313657
TTACCATCAACCACAT-1,-3.6316601321029687,0.4962048883739764
TTACCGCTCTCGTGAA-1,1.6144689927684301,-54.90172254157233
TTACGTTTCCCTCGAT-1,-6.059707715527597,-3.255519170288994
TTAGGCACAACTCGTA-1,3.3675808956345405,-53.52901138457373
TTAGGCATCTCCGATC-1,-8.979456418278696,-1.7308739283555774
TTATTGCTCGTGGCGT-1,0.7947952785827856,-52.812863099796346
TTCACCGAGTAACAGT-1,1.2862515580018061,-52.35925888437254
TTCATGTCATTAGGAA-1,2.646912348657443,-53.2736462760274
TTCATTGAGTAAGGGA-1,-0.058908637716836215,-53.16244238076174
TTCATTGGTTCTCGTC-1,3.636199437496822,-53.674549563852615
TTCCAATAGCGCTTCG-1,-9.309765037918401,-2.039372061730588
TTCCGGTTCCTGTACC-1,-3.618117039177767,0.12117841630674266
TTCCGTGGTCGCTCGA-1,-8.57414882052637,-2.7571648259228874
TTCCTCTTCTAGGAAA-1,2.6269802024797606,-54.57197403493295
TTCTAACAGCGAACTG-1,-5.925556299690175,-2.74390823147969
TTCTTCCGTACTTCCC-1,-8.141015589004063,-2.5241480565622125
TTCTTCCGTTCCACGG-1,-7.447151397415378,0.30266412319245617
TTCTTCCGTTGTAAAG-1,2.2512264298221574,-52.06761251478861
TTCTTGATCGAACCAT-1,2.6566794062461856,-53.50327803934634
TTGATGGAGCGCCGTT-1,-4.767364026343494,4.737761568252116
TTGGGATGTAAGACCG-1,-7.491834118908195,-3.1967807890007873
TTGGGATTCTGGCCAG-1,-5.5047120900678514,1.504145815022825
TTGTGGATCTACTGCC-1,4.011271202124134,-52.7545244256013
TTGTGTTCAGAGGGTT-1,-3.9028591211324506,1.8150162388358175
TTGTTTGTCGCGTGAC-1,-6.234092668055674,2.397590128186206
TTTACTGCATTGAAAG-1,1.68772311271488,-54.68920716239696
TTTAGTCCAGCACAGA-1,-2.9583781186631017,3.434010180682745
TTTCCTCTCGCTCCTA-1,-7.999595341887291,-2.4372459694720403
TTTGACTTCGTCAGAT-1,0.3941693448165637,-53.497531734428826
TTTGATCCAATGGGTG-1,-3.357257981499696,1.6861053568296835
TTTGATCCACCAGACC-1,-4.214197215981047,5.349564521887279
TTTGTTGAGAACTCCT-1,1.6074586287899923,-54.63230612049486
TTTGTTGCAAGAGGTC-1,3.159946374100692,-54.16947226359491
AAACGAACAAGAGAGA-2,-7.450902158888575,1.4810763870708046
AAAGGATCAGCACAGA-2,-9.681703155871624,-1.8841815637364048
AAAGGTAAGTATAGGT-2,-9.88814537222284,-2.591724692340776
AAAGTCCCATGACTGT-2,-6.163585572326862,2.965641071562646
AAAGTCCGTCGTTATG-2,-5.651517241982207,5.580437308819198
AAATGGAGTGAATTGA-2,-3.7577386204517573,6.754626316457273
AACAAAGGTGTTATCG-2,-9.65887768157586,-0.6993347746216819
AACAAGACACGAAAGC-2,-8.677148240031796,0.0490382855824874
AACAGGGCAGGTGTGA-2,-4.92643283428299,6.270656926721299
AACAGGGGTATGTCAC-2,-2.684213777525748,3.0959800511756317
AACCAACAGTGGAATT-2,-4.994205358616711,6.168184290661493
AACCAACGTCGTTGCG-2,3.672017918274804,-53.428701946485496
AACCAACTCGTCCTCA-2,-5.920000184095661,4.226960340926788
AACCACAGTCCCGCAA-2,-4.749977463690671,6.388951099028224
AACCACATCGGAATTC-2,-9.833985342076595,-1.532924559028864
AACCATGTCTTCGCTG-2,-5.85954767098742,4.299256069252027
AACCTTTGTATGCAAA-2,-0.20160886315792284,-53.73580613864657
AACGAAATCCGGTAAT-2,-5.018846532658384,4.498127357496329
AACTTCTCAAAGAGTT-2,-5.133210866609534,5.892631050062221
AAGAACAGTTGCCTAA-2,-6.67815363105062,1.924675842398894
AAGATAGCACCCAAGC-2,0.39450609804533326,-53.569862788387525
AAGGTAAGTTGTGGAG-2,2.0994023927947683,-54.93433109851844
AATAGAGCAAGACGGT-2,-3.061059675457911,4.145418746648044
AATCACGCAGCGGTCT-2,-10.432810308555375,-1.2643114280160594
AATCGACGTTCGGCGT-2,4.007268053647193,-52.4740449876393
AATCGTGTCGCAACAT-2,-0.13458626490227704,-52.76976481483198
AATGAAGAGCAGGTCA-2,-5.048477618867741,5.0986381368085985
AATTCCTCATGACGTT-2,-1.077240562409061,3.9595154154191468
ACAAAGAAGGGCAATC-2,-3.472014603465005,6.77643373562809
ACAAAGACAGGTGACA-2,-2.338929945531045,1.3340544552379388
ACAAAGAGTGTTTACG-2,-9.737329902076782,-3.063632386672966
ACAACCACAGCAGTCC-2,3.2071848012547024,-53.916510574537874
ACAAGCTTCTTTCGAT-2,-2.0832807568714653,2.005865135336731
ACACCAATCGTGTGAT-2,-9.719963770218328,-2.301991487353041
ACAGAAACAAACTCTG-2,-2.060626838328454,1.7438785394627991
ACAGAAATCGGCTCTT-2,-9.145780522410655,0.12200511980480146
ACAGGGACAAGGGTCA-2,-0.1265976982863914,-53.771217618114065
ACAGGGAGTTGTTGTG-2,-5.520471738466103,-3.0821361080811345
ACATCCCCAACCTATG-2,0.5169116797978197,-52.20770579772509
ACATCGACATATGGCT-2,3.477153426959144,-52.36095448628271
ACATCGATCAGCGCAC-2,-4.557749784988802,5.272504675465967
ACATCGATCATCTATC-2,3.9445050572248843,-52.40379532321294
ACATTTCAGCATCCCG-2,-5.214421556571776,5.531777052082278
ACCAACATCAAGTTGC-2,3.8596238508218508,-52.432812494057096
ACCACAACATTACTCT-2,0.3983026547431269,-52.83537661797208
ACCACAAGTCAGACGA-2,-3.0448698326052543,6.178441257323964
ACCATTTAGCATTGAA-2,-2.822272323851573,3.2628098563735066
ACCCAAAAGCTCTGTA-2,-8.196627736593586,0.7266318624849731
ACCCTCAAGATCGGTG-2,-10.866709218898915,-1.7209975040454535
ACCCTTGGTAAGGAGA-2,1.0390810476809869,-53.22261029354102
ACCTACCCAAGCCTGC-2,-9.303999294941677,-0.0008082507719156801
ACCTGTCAGAAGGATG-2,-5.719803356790537,5.22813679549804
ACGATCACATAGTCGT-2,1.6871822239611924,-52.755132977459645
ACGATCACATCGATCA-2,1.1218880540478848,-52.71200950907579
ACGATCAGTCCTTGTC-2,-5.125134249009007,5.373418046128435
ACGATGTCACTACACA-2,-1.5734180119187666,2.345266321124275
ACGATGTGTTGCTCAA-2,-10.035611752029018,-2.7903576051257706
ACGCACGGTCTTCAAG-2,-10.846618644449304,-1.60958215683981
ACGGGTCGTCTTGGTA-2,3.368299118770291,-52.46597249351145
ACGGTCGGTTTACGAC-2,-3.747941387847757,6.309634417422715
ACGGTTATCCGTTGAA-2,-4.923955176047975,6.31699877514455
ACGTAACAGGTAGCCA-2,-5.143238800856977,6.173730972483317
ACGTAGTAGATCCGAG-2,-1.926076845740801,2.1570477150194516
ACGTAGTGTCGAATGG-2,-3.342600336850016,1.6984563377009374
ACGTCCTCAAAGACGC-2,-5.302495654683589,5.67865915928141
ACGTCCTTCATTACTC-2,-9.14261118454643,-0.1165384965263254
ACTACGAAGACGTCCC-2,0.5489197382640576,-54.160948432461616
ACTACGAAGTTGCATC-2,-8.573249424400247,0.6051157676795456
ACTACGACACAGAGAC-2,-6.073408778881644,-2.7815886232885467
ACTATCTTCAACTTTC-2,-4.516837010951413,5.622069566802833
ACTATGGAGGAGAGTA-2,3.874596442602139,-53.00119704342218
ACTCCCACAGGCTACC-2,-3.9730840693446283,5.807666957646381
ACTGCAAGTAACGTTC-2,-1.1564845971407005,3.7919119668274797
ACTGTCCAGCCGTCGT-2,-5.8308019331293615,-3.345858023120941
ACTGTGAAGGAGAGGC-2,-10.586787685999871,-1.5806379796977006
ACTTAGGGTAAGATAC-2,2.3924346650220807,-54.11548431928366
ACTTAGGTCGTACACA-2,-3.8637624782731863,4.626632475596126
ACTTAGGTCTCCCATG-2,-3.5036888377881557,6.81043060672042
ACTTTCACATTGTGCA-2,-8.753302801255934,-2.232501485767324
ACTTTGTAGGGCAGTT-2,-1.8861905003309987,1.8811766114392872
AGAAGCGCACACACGC-2,-9.216770248307043,-0.5208578049779387
AGAAGTACAACTGATC-2,0.3776059394578024,-54.845261126272675
AGAAGTAGTGATTCAC-2,-9.812482383449275,-1.7539400951458484
AGAGAATGTGAACTAA-2,-0.1467396134835515,-53.15988753090602
AGAGAATTCCGCTGTT-2,-5.893611491226873,4.739895602598361
AGAGAGCTCACTTTGT-2,-4.198578895654207,6.243511523289102
AGATCCAAGAGTCGAC-2,-1.4068806741393722,2.344536887025231
AGATGAAAGACCAGCA-2,-9.768347917811615,-2.126333607153423
AGATGAAAGTGAGGCT-2,3.9152471317368365,-52.88587274398202
AGATGAAGTGCAGATG-2,2.1643611504846207,-53.76239821519982
AGATGCTTCAGTCAGT-2,-6.461218276524158,2.1871166770253194
AGCCAATTCAACTGAC-2,-3.032098859005963,6.237685056775846
AGCCACGCATCGGAAG-2,0.7255951748706555,-54.147390038673436
AGCCACGTCAGCAGAG-2,-5.968168065257472,-2.9546782726689877
AGCCACGTCGGTGCAC-2,2.3553226062711614,-53.85812474692587
AGCCAGCGTGTAACGG-2,-5.318107461687617,5.879192555435678
AGCGCCAAGTCGTTAC-2,-2.9638688306914998,3.8493469608537416
AGCGCCACAAATGGCG-2,-1.2087456916694816,2.7229245152531076
AGCGTATCACGCAGTC-2,-3.118688261414913,6.716547347163444
AGCGTCGGTCCCAAAT-2,3.282443998242858,-52.43806226674267
AGCTACATCAAATAGG-2,1.2046215163289604,-52.645147626955016
AGCTCAACAAGTGGTG-2,-7.296125069670264,1.2653812742615935
AGCTCAAGTAGAGCTG-2,-10.162531014347456,-2.935428961033364
AGCTTCCAGTGATAGT-2,-10.60736898367605,-2.2243542546098056
AGGAAATCATGTGCCG-2,-5.827965871836017,4.212865365728341
AGGACGACAAAGACTA-2,3.092836333310233,-53.746193483163665
AGGACTTGTATGCGTT-2,-5.588143063905198,4.798600401408633
AGGACTTTCTGGAAGG-2,-10.30236058239237,-2.311835851133138
AGGATAAAGAGACAAG-2,-9.046925995613154,0.15644093033756118
AGGATCTGTCCACGCA-2,-3.1763454271168774,6.544843703896029
AGGATCTTCACTGGTA-2,-3.291219733994705,2.4089970354166392
AGGCATTGTTTCGTAG-2,-3.154503807862782,4.366204270206087
AGGCATTTCCGTGTCT-2,-9.063863786959617,-0.7057654870316342
AGGCCACAGCTGTGCC-2,-0.041246260545930315,-52.941611920091034
AGGGAGTTCTGAGCAT-2,-3.641090357338038,6.176783340034858
AGGGCCTGTGGAAGTC-2,-10.139498865229562,-2.9102900028182552
AGGGCCTTCTTCTCAA-2,-9.52179619516576,-0.2983535038134433
AGGGTGACACGTACAT-2,-9.202348242689576,-0.7082327613736172
AGGGTTTCAAGCTGCC-2,-5.992304200127806,3.7111608867265735
AGGGTTTCATGGCGCT-2,-9.590759094736645,-3.0070388346902446
AGGTCATAGCATCCCG-2,-1.1078254427131058,2.2669765302060974
AGGTGTTTCGCAATGT-2,-5.788305447302838,-3.2139240974613634
AGGTGTTTCGGCATTA-2,-8.484903388894018,-2.539580836791003
AGGTTACAGACATATG-2,-5.621811971210688,-1.5378412315000751
AGGTTACAGGGCAGGA-2,-9.953868779411875,-2.0484458877290765
AGGTTGTTCCATACAG-2,-3.3240280777281224,6.850633506662096
AGGTTGTTCGGCTTGG-2,3.668224273821899,-53.675887340615645
AGTAACCGTCCTATAG-2,0.045318106390489055,-53.04141284744804
AGTAGCTCAGGTTACT-2,-2.16424484132585,1.9896051177792997
AGTAGTCGTTTACCAG-2,-3.3546800887384847,6.50479435050965
AGTAGTCTCGAACCAT-2,-1.6413627188147906,2.1631483437566237
AGTAGTCTCTCATGGA-2,-1.1171657374060684,3.9083712143134317
AGTCACACAGTTTGGT-2,0.827244041322708,-52.55010944382166
AGTGACTGTTGGGTAG-2,-2.9584194451502035,6.013286887220074
AGTGATCTCGTTCATT-2,-7.734043542193473,0.37886970327817576
AGTTCGAAGACCATAA-2,-0.059756434050540166,-54.051611393481785
AGTTCGACACATTCGA-2,-9.115168356615367,-0.6158544272838891
AGTTCGATCAAGTCTG-2,-3.612083576342472,5.864256520449896
ATACCGAAGGAGGTTC-2,-8.95447036435224,0.10413259222419925
ATACCTTGTCAAAGAT-2,2.660312104700697,-52.16474547550269
ATAGACCAGTGATAGT-2,2.9090877050555224,-53.03803743938784
ATAGGCTTCTCTTAAC-2,3.0655726573208244,-52.269088518689195
ATATCCTAGAAGGTAG-2,-5.3790602205068625,-2.927238563335092
ATATCCTGTCCACACG-2,0.016499302729079037,-54.22242933207038
ATCACAGCATATGCGT-2,-2.565529354676521,2.641452292635648
ATCACAGGTCGGAAAC-2,-3.160592883092485,6.097095544299062
ATCACGACATATTCGG-2,-5.375333099692966,5.378234979072344
ATCACGAGTTGTGCAT-2,2.3961355234678945,-53.68048947453696
ATCACGATCACCACAA-2,-8.789222992160195,-3.5643209194327143
ATCACGATCGTTCATT-2,-5.455239908116686,5.796200519158347
ATCACTTAGGTGATCG-2,-7.635782378825839,0.8933599091923506
ATCAGGTGTTCCGGTG-2,-1.989633979835149,1.9835852884071765
ATCATTCTCGTTCCTG-2,-9.447298057735972,-1.5000299573627394
ATCCACCTCGATGGAG-2,-0.252133916707,-53.66181259617662
ATCCATTGTGTCTAAC-2,-3.337752579989387,5.847366203375561
ATCCGTCGTGTTAAAG-2,3.7402361133130335,-51.98628499292079
ATCGCCTTCGGTAAGG-2,-4.276382938117879,5.0573594706533
ATCGGATAGTAGGGTC-2,-0.11534996227760771,-52.96118773696829
ATCGGATTCTTTGCAT-2,2.1265087199797508,-52.73792662489469
ATCGGCGTCAAAGCCT-2,0.061953104600479016,-54.35980483404442
ATCGGCGTCTTCACAT-2,-5.188709894142434,6.011145420063302
ATCTCTACAACAGCTT-2,-8.291014186435337,0.18514395565658193
ATCTCTACATGGCGCT-2,2.2591778393634234,-54.918165924044125
ATGAAAGTCGTTACCC-2,-3.0284682012197113,3.317206294845748
ATGACCAAGAAACCAT-2,-8.979463776696322,-0.02389531404954537
ATGAGGGCATAGGCGA-2,-4.951525853808761,6.251952769858355
ATGAGTCAGCTTACGT-2,0.36627334875594864,-52.98842126759985
ATGCATGGTGGTTCTA-2,-9.794331619401836,-1.3266322929700327
ATGCCTCAGGGCAACT-2,-1.1749611883501025,3.9602355187930938
ATGCCTCGTGTTTGCA-2,-10.69147891314737,-1.4553895943100839
ATGCGATTCTCCTGCA-2,-5.8668642008922305,4.632131424874485
ATGGAGGCAATTCTCT-2,-9.45485875042268,-0.6750475954760868
ATGTCCCAGCCAAGTG-2,0.6807787242102542,-55.033016059334706
ATGTCCCCATTACTCT-2,-9.971073931323334,-2.311802288815124
ATGTCTTTCTAAACGC-2,-6.454993505866897,0.657884406441683
ATTCACTTCGACGTCG-2,-2.998569318456426,6.141291093540075
ATTCATCGTAGCTGTT-2,-4.119311751172746,6.104114759891424
ATTCTACTCGCATTAG-2,-3.9008988843287242,6.42989265369548
ATTGGGTTCGTCCTCA-2,-2.084125847696953,2.1467936144307673
ATTTCTGGTTGCAACT-2,-2.8740544296694455,6.27326929278641
CAAAGAACATGCAGGA-2,-8.34718888299416,-2.749532381519823
CAAAGAAGTAACTAAG-2,-3.0152507243917452,6.3509848677249545
CAAAGAAGTGCTATTG-2,-1.1333187179662747,4.0341982043071605
CAAAGAAGTTCTTGCC-2,-8.849469400005976,-0.07685737341262967
CAACCAACAAGAGCTG-2,-5.441815338239701,5.856741154168615
CAACCTCAGTTGAATG-2,-4.527006911016288,5.959388255767428
CAACGATAGCCAACCC-2,-9.456889268845615,-0.2614347081219594
CAACGATCACAGTGTT-2,0.8539530426584013,-52.485563414900284
CAACGGCAGTTAGTGA-2,-0.903790185438592,2.078504587813837
CAAGAGGAGTGTAGAT-2,-10.787415880365424,-1.5077447891243039
CAAGCTACACTAGGCC-2,-1.2337312951105226,2.349989039748513
CAAGGGAGTGCCGGTT-2,-9.229336012824719,-0.04673053486967487
CAATACGAGAGTACCG-2,0.4131351413128401,-53.94833919087593
CAATACGAGATGCTTC-2,-3.0570291454736473,5.89767437478206
CAATACGAGTCACACT-2,-6.836864412931255,1.837713009577953
CAATACGCATAGGTAA-2,-3.62705096829448,5.720696885976616
CAATACGTCACAACCA-2,-9.232740746174002,-3.38448512062052
CAATGACCAAGAGATT-2,-3.7515976179393937,6.7599633245774395
CACAACAGTTGGAGGT-2,2.784595973537474,-54.359684795842426
CACACAACATACAGAA-2,-11.001808740488773,-1.9038347326177167
CACACAACATCATCTT-2,-6.5599330819502475,-3.4149473379349002
CACAGATCATACTGTG-2,3.269839064681924,-53.67966193847731
CACATGACACTGTCCT-2,-7.44947205128763,1.3028238893278044
CACATGACAGCCGGTT-2,-10.466177210779936,-1.6767562928648836
CACCAAATCAAAGGTA-2,-3.903288376526491,6.685243879337843
CACCGTTCATGTCGTA-2,0.741456352156266,-52.44046974908689
CACGAATGTATCACGT-2,3.863849009995234,-52.91356649805438
CACGTGGAGGCTCTAT-2,-10.113669063714005,-1.9248183044297975
CACGTGGTCAGTGTTG-2,0.540155832947873,-54.48757490370993
CACTAAGCATCGCTAA-2,-5.518099311921161,5.64083409743124
CACTGAAAGAATTGTG-2,-10.680064689346844,-1.3372321539260792
CACTGAACAGTCACGC-2,0.3308933248886524,-52.61592832853492
CACTGAATCCCAAGCG-2,2.4320105568480805,-51.726391755436666
CACTGGGGTACGCTAT-2,-3.0317574589008394,4.343871370578116
CACTTCGTCTTGGAAC-2,-6.609899890137225,-3.4121848406975945
CAGCAATAGATAGTCA-2,-5.665407623464774,5.631828174417972
CAGCAATAGTTGGAAT-2,-2.870301447742707,2.1582188435800886
CAGCACGAGGCACAAC-2,-9.540461178964415,-0.08710631016256333
CAGCACGCATCAGCTA-2,-6.588264257236513,2.0322765614702547
CAGCAGCAGTTGCATC-2,-7.3103792467435245,-3.5398810697397844
CAGCCAGCATCAGCGC-2,-7.597962391057924,1.1090334641459165
CAGCGTGAGTTACGAA-2,-10.56963277145597,-2.5920802603770032
CAGGGCTAGGGAACAA-2,-6.152868194530105,-2.795535815405809
CAGGTATTCATGCCAA-2,-5.791933020024433,-1.3522456179100877
CATAAGCAGAACCCGA-2,-1.182251445717641,3.8580143542497143
CATAAGCAGTGCGTCC-2,-4.8655407802647135,4.663339338063847
CATACTTAGGTCGTCC-2,0.39340283366868556,-52.29136051765431
CATAGACTCTTCGTGC-2,-6.844781138050053,1.7669912010751527
CATCCCAAGATTGAGT-2,-10.031982577654226,-1.803634003676963
CATCCGTTCGTGTCAA-2,2.321786420923597,-54.40848100959941
CATCGTCCAAAGAGTT-2,0.04141367633312315,-52.817046347556165
CATGAGTTCACCTCAC-2,1.9959328524550062,-52.31357244968845
CATGCAAAGATGATTG-2,-4.627275449296779,4.828550719005175
CATGCAATCCCAATAG-2,3.754190249960656,-52.17640517507469
CATGCAATCCCGAACG-2,-10.344414014998131,-2.8909524882631756
CATGCGGGTATGTCAC-2,-6.25636923568318,-3.0943214714356135
CATGCGGTCTATACGG-2,-3.662838932784347,6.623891350593371
CATGCTCAGCCGTTAT-2,2.1372497046956416,-53.52527200562115
CATGGTATCACGGACC-2,0.48945675894769597,-52.76748246685865
CATGGTATCGCCGAAC-2,3.9929148134615335,-52.43325045314406
CATGGTATCTATTCGT-2,-1.6131626543834239,2.3139430369612244
CATTGCCGTGAGATAT-2,-3.058567672318616,5.848813186650863
CATTGTTAGGTCGTAG-2,-9.047526043314988,-0.09717625546499281
CCAAGCGGTAGCGCCT-2,0.3692379952258933,-53.484911662666704
CCAAGCGGTCATATGC-2,-10.641908936998442,-1.2843281054209879
CCAATTTCACTAAACC-2,-8.882171037553332,-0.24698983836005003
CCACAAACAGGCAATG-2,-5.507654991275757,5.433080398044955
CCACAAACAGGTTCCG-2,-10.775577004400173,-1.5632940931890345
CCACACTAGACGATAT-2,3.340905845220823,-52.69120460364539
CCACACTCAGAGAGGG-2,-3.370914185584085,5.0497459055044445
CCACCATCAAAGGCAC-2,-5.954891115080635,4.281743418672508
CCATAAGCAGTCGAGA-2,-8.845350787364705,-2.507432245261117
CCATAAGGTTCGAAGG-2,-1.4577779495875747,2.1243542936994446
CCATAAGTCTAGATCG-2,-2.8326769674580103,1.5423515343363101
CCATAAGTCTTCCTAA-2,-3.397048323057677,6.664872530542685
CCCATTGGTGAAGCGT-2,1.4329315958452213,-54.064286650332704
CCCTAACGTCGATTCA-2,2.609029189416852,-54.31427407748887
CCCTAACTCAAGAAAC-2,-5.417460763323651,-3.024614501062025
CCCTCAAAGCAGCCTC-2,-2.0899349966122873,1.8121625963263346
CCCTCAACACTTGTGA-2,-10.48112301178384,-2.7566062085829004
CCCTCTCAGTGAGGTC-2,2.9993875271813617,-52.81781489619484
CCCTGATCACATATCG-2,0.3584955133687091,-53.90889423574271
CCCTTAGAGACGCCAA-2,0.5567389949800343,-52.774514182176276
CCCTTAGTCAAGGACG-2,-10.626377496403473,-1.1368384522826676
CCGATCTTCGTTACCC-2,-1.037815714299883,4.031085956136857
CCGATGGTCACGACTA-2,2.303207592463159,-52.28412390376212
CCGGACATCACAAGGG-2,-3.2708917271780646,5.800292637499015
CCGGGTAGTCGTTTCC-2,1.7926634136780961,-55.06406563369398
CCGGTAGGTACGGTTT-2,2.1190351014563635,-51.98575841848255
CCGTTCATCCCATGGG-2,-10.440107326420751,-1.855422990750852
CCTCAGTTCACCGGGT-2,-7.456325652356484,0.3571771295953775
CCTCCTCTCTACCACC-2,-3.34100095338495,2.239931718127964
CCTCTAGAGGAATGTT-2,0.9026947285982457,-53.18088365592177
CCTCTAGTCTTGGTGA-2,-1.48731603913256,4.12654662964075
CCTCTCCTCGCGCTGA-2,1.9542345805156656,-52.206756746585086
CCTGCATTCGCCGAGT-2,-3.5947389897787208,6.0131491320222175
CCTGTTGTCCTGTAGA-2,-8.959648889384042,-0.3961816056291433
CCTTCAGAGTACTCGT-2,1.1177896346125307,-53.175178299078134
CCTTCAGCAAGTGACG-2,3.9297500384493023,-52.40213316387961
CCTTCAGTCCACTGGG-2,-8.725837548613447,0.3868422998794543
CGAAGGATCGCGAAGA-2,-10.408953692785296,-2.7404944792271366
CGAATTGAGACCATTC-2,-7.621371215816045,-3.4708604252923414
CGAGGCTCACATAGCT-2,-4.54078279052974,6.4023013698165325
CGAGTGCGTCGCGTTG-2,-3.2567210420749584,6.878652098762175
CGAGTGCTCTAGATCG-2,-4.618336301088029,5.865981498432076
CGAGTTACACCCTGAG-2,-9.938173435802717,-0.875829163654469
CGAGTTACAGGGCTTC-2,3.7262821786266493,-52.56432223464139
CGATCGGAGTGGATAT-2,-4.880843905824884,5.954672637393837
CGATCGGGTATCGAGG-2,-3.5040541197393487,5.755975718619269
CGATCGGGTCAAAGTA-2,-5.788078784499599,5.411051240678699
CGATGCGCATGGCGCT-2,-9.990821561091455,-1.3864359669986688
CGATGGCTCCAAGCTA-2,-4.6122099605270686,6.424073232181539
CGCATAAAGCCTAGGA-2,-5.418507164236015,5.922090391713131
CGCATAAAGTCGGGAT-2,0.24288498226985777,-52.542715313196155
CGCATGGCACAATTCG-2,-3.1798732955672278,2.1745275812952003
CGCCAGATCATAGGCT-2,-9.045317006591894,0.2110906147593415
CGCGTGAGTGAGTAAT-2,-6.150220004395934,3.178931613734654
CGGAATTCACATTGTG-2,-1.6545184952959986,2.2862410091462584
CGGACACCAAGCTACT-2,0.16609280549567604,-52.6402666801945
CGGAGAACACTCAGAT-2,-8.764138659204294,0.52709995625896
CGGGACTCAATTGAAG-2,3.591890060172681,-53.13435664696056
CGGGCATGTGCCGGTT-2,-8.91714097112654,0.34457553469093505
CGGGCATTCAGAATAG-2,-10.84244364912219,-1.3433953978811926
CGTAAGTAGACCGTTT-2,-9.61071680896883,-0.1652027847445286
CGTAAGTAGTCGTTAC-2,4.668576713699943,-51.771429029943945
CGTCAAAGTTCCTAGA-2,-6.9536159883019915,-3.148488811537966
CGTGCTTGTCGCACGT-2,-8.961015203881669,-0.32169088509800603
CGTTAGAAGGTAAAGG-2,-1.1291743276332367,3.9689441606372218
CGTTAGACACCTTCCA-2,-9.308558617054597,-2.3228430982954773
CGTTAGATCGCGTAGC-2,-7.415780234235388,1.0984133466080475
CGTTGGGGTTCTTGCC-2,-3.4408479836095123,6.121976320666507
CGTTGGGTCCATCGTC-2,-7.9330176290244,-3.066430401875389
CTAACTTTCCATCCGT-2,-10.724902707639252,-1.3366600861409823
CTAACTTTCTAACGCA-2,1.1251597501115123,-53.910890303298125
CTACATTCATCTCATT-2,1.6316281297418254,-53.653633191415786
CTACCTGAGTAGTCCT-2,-9.915178310148116,-1.78552356403917
CTACCTGGTCATCACA-2,0.6846940597109815,-52.84882035990196
CTACCTGTCTGACGCG-2,0.4385440612792571,-53.10301740066352
CTACGGGTCTCAAAGC-2,0.8854871062320644,-53.360613385824074
CTAGACACAGGTGTGA-2,-10.42250633872217,-2.1555276361396087
CTAGACAGTACGTACT-2,3.001752117956463,-53.39380676279897
CTAGGTACAAACTCTG-2,0.9710189887852513,-52.51815310921798
CTAGGTACACCCATAA-2,-4.55866059068125,5.162941021279142
CTATCCGAGATCACCT-2,-7.4737406343599835,0.9599823289608392
CTATCTATCACTTGTT-2,-9.988819854039175,-3.027403136752991
CTATCTATCGGCTTCT-2,-2.9349028102219235,6.489096586054289
CTCAATTTCTTACTGT-2,-1.4862859053307953,2.3887698434088644
CTCACTGAGCTCCGAC-2,-5.585014109023848,5.453437240215389
CTCACTGCAGCACAAG-2,-10.085339969753978,-1.2244997054057505
CTCAGAATCGACCTAA-2,0.4239077856240155,-53.7570490257547
CTCAGGGCAAGTTGGG-2,-9.744087482213128,-0.225102378700665
CTCAGTCAGGATACGC-2,1.0501654199225305,-52.71092279992178
CTCAGTCAGTAAGACT-2,-10.526331032261236,-1.740193072438319
CTCATGCAGCTTAGTC-2,0.6149444615620843,-54.34195897915784
CTCATGCAGTGCACAG-2,2.9864447399829035,-53.105551950453176
CTCATTACATGCCGCA-2,-1.5760847048101498,2.158443735890684
CTCCATGCAAGCCCAC-2,-1.099299323057967,4.067671632391331
CTCCATGTCGTTCTCG-2,-7.17167674473714,1.3123236286601907
CTCCCTCCAACGGTAG-2,-1.6801140890941197,2.068274585164164
CTCCCTCTCCAGCACG-2,-2.9981694122752915,3.6162602294447557
CTCCGATCAATTTCTC-2,-1.381708975779902,2.094600680169732
CTCCGATCAGGTCCGT-2,-6.6884219437652295,1.943950880605144
CTCTCGAAGAGAACCC-2,-7.650256223468607,-2.8215598989710085
CTCTGGTAGGCGCTTC-2,2.503125962235893,-52.24293704477069
CTCTGGTCACGCTTAA-2,3.4409029597423073,-52.97743832611344
CTCTGGTGTTCGTTCC-2,-3.0229444807444885,4.286448861991505
CTGATCCAGATGGTAT-2,-4.9396469713520545,6.4061392051583095
CTGCATCAGACCATAA-2,-4.324889743646389,6.458415020275463
CTGCATCAGTGAGTGC-2,-6.79953489086314,1.010696119543613
CTGCATCGTCTGTGAT-2,-8.154612530463558,0.8259655771631114
CTGCCATGTAATACCC-2,-9.398115702299236,0.09368531004301238
CTGCCTAGTATCGAGG-2,-10.660658033360695,-1.4886204365389912
CTGCCTAGTCATACCA-2,-8.916138929916492,-3.624441305828296
CTGCGAGAGAGCAAGA-2,-1.1486406107015124,3.5873960263187192
CTGCGAGTCAACACCA-2,-1.6346727773392966,2.139813181641677
CTGGCAGAGACGCCCT-2,-1.3876270778656505,2.3176564096989667
CTGGTCTCACCATTCC-2,-5.050515572627428,5.779867778373595
CTGTAGAGTTAGGGTG-2,-10.706640919988974,-1.2948214448510242
CTGTGAATCAGGTGTT-2,-2.8856284802517513,3.2485848927941547
CTGTGGGAGGTCACAG-2,-5.768401471447596,5.251458412121274
CTTACCGGTCTAACTG-2,-4.387120921914657,6.526887063165059
CTTAGGAGTATGAAGT-2,-3.280059002650308,4.827943457965099
CTTCCTTAGACGTCCC-2,-10.50644288782385,-1.123547887508706
CTTCGGTAGCTCCCTT-2,-5.401912107849458,5.387388859353549
CTTCGGTGTCGACTTA-2,-9.753579637359463,-1.5983468992200849
CTTTCGGCACTTTATC-2,-9.446492209460079,-0.9476468846709696
CTTTCGGCATACTTTC-2,-9.553884199408397,-2.879728329000611
GAAATGAAGCATGATA-2,-5.705656168391081,-2.346735111960113
GAAGAATAGAACGTGC-2,3.5981557794344865,-53.19706511832968
GAAGCCCCAAGGCTTT-2,-3.0843950401817057,4.631648660712153
GAAGCCCGTACGCGTC-2,1.9895682536659782,-53.72874244912931
GAAGCCCGTGAGGAAA-2,2.512670013381526,-52.350017298268384
GAATAGAAGCCTGGAA-2,-1.0206965274672484,4.093809325680579
GAATAGAGTCACAGTT-2,-3.616257875118638,6.70960700075331
GACAGCCGTCATGACT-2,-3.267984670195196,5.792423831203848
GACATCAGTCAGACGA-2,-5.634949278783899,-2.658139171093973
GACCCAGGTTGACTGT-2,-5.551182917817535,-1.9968381848037788
GACCCTTCATTACTCT-2,1.988432471991477,-53.3816427033581
GACCCTTGTATAATGG-2,-6.20172569143668,-3.197473323080901
GACCTTCAGTAGACAT-2,0.057675575177759016,-53.76324338684255
GACGCTGGTAGCTGAG-2,0.3628323092614358,-51.99467305281516
GACGCTGGTTCCGCAG-2,-9.29150581158798,0.32086642335911497
GACTATGGTCGTGGAA-2,0.8574033208507089,-54.311021130731724
GACTCTCAGCCGGAAT-2,0.4215712286088221,-54.28949899571934
GAGAAATCATTCAGGT-2,-1.0473774666051066,4.044381444588663
GAGAAATGTCATAACC-2,-3.0389581719003234,4.184396533839811
GAGAAATGTGATACTC-2,-5.934695816060467,4.81434965553289
GAGAGGTGTTCAAGTC-2,-7.89452875359781,0.9779845302749149
GAGATGGAGTCTACCA-2,-3.2424018089141233,6.120763560696114
GAGATGGTCGTTCTAT-2,-3.1947079019115794,6.347746923255702
GAGCCTGGTTGTCTAG-2,-5.57492423016658,-2.218264244012158
GAGCCTGTCATTCGGA-2,0.10579734090030757,-52.67061681383726
GAGCTGCGTAACAAGT-2,-8.675434076685407,0.4870980763550777
GAGTCATAGCGCCTAC-2,-10.075759909333252,-2.757622351882286
GAGTCTAAGCTCTTCC-2,-2.932870817094818,3.2216031093232558
GAGTCTAGTTCACCGG-2,-3.266951553844796,6.177900875721927
GAGTGTTGTACCTTCC-2,0.8724890234131413,-54.243277166580405
GAGTTGTTCAAGGTGG-2,-10.40563716992607,-2.5535561974052716
GAGTTTGTCGAGCACC-2,-1.170200037016167,4.0935627878000815
GATAGAATCTCTCTAA-2,-4.179642671971221,5.114739391864923
GATCACACACTCACTC-2,-10.708234561336726,-1.6988097238719186
GATCATGCAAACTCTG-2,-3.1321355764247447,4.239013835586672
GATCGTAGTAGCGCTC-2,-2.782534550400388,3.2143052170822948
GATGAGGTCGTTCTCG-2,-5.895744580559788,4.698750119825084
GATGAGGTCTCGAACA-2,-6.264796104597131,-3.0492052190303784
GATTCTTGTATTGACC-2,-4.727668269987179,6.2133545329843
GCAACATCAAGGTACG-2,-0.0793094864691538,-54.08107562780953
GCAACATCACAGAGAC-2,-9.159294140868003,0.3366522371303382
GCACATATCTCATTAC-2,-8.52253981362293,-1.099350356785558
GCACGTGAGTCGGGAT-2,-9.770161674917247,-2.5381576920599973
GCAGCCACACATATCG-2,-3.671467314664247,5.980753622914021
GCAGTTACACAACGTT-2,-8.575905597074936,0.034150661125987546
GCATCTCGTGCTCTCT-2,-7.579898130694993,-3.541013813995248
GCATGATTCTTTCCGG-2,-10.214222451457072,-2.4918786253990266
GCCAACGGTAAGGCCA-2,-0.9141610262267974,2.0638889993596496
GCCAGTGTCAAGGAGC-2,1.6430691480376516,-54.2078536657412
GCCATTCCACTATCGA-2,-5.631431762026217,-2.5514667940269193
GCCGATGTCGCCACTT-2,-3.6792846847629237,6.8506083581773645
GCCGTGACAGGAGGTT-2,2.2388976650831722,-51.61667220723255
GCGATCGAGATGGTAT-2,-3.203460263937072,0.7807226062175741
GCGATCGGTCTTTCTA-2,-6.177356729822476,3.0978317864369913
GCGGATCCATGGGCAA-2,-5.493918854322189,1.3392570456017716
GCGTGCATCTGCCTGT-2,-3.2708416471550916,6.528846558694317
GCTCAAAAGCTTAGTC-2,-9.626242274263408,-0.8058825899811312
GCTCAAACAGGTACGA-2,-3.738547246457693,6.347617748190756
GCTCAAATCCGCCTAT-2,-7.610185774647784,1.2059303073554983
GCTGCAGCACTGCTTC-2,-1.1007440217619695,3.8417314847072297
GCTGCAGCATATCTCT-2,-5.805145714221463,4.861610083369267
GCTGGGTAGAGCAACC-2,-0.9234739119563277,1.9150224215594795
GCTGGGTGTACACGTT-2,-0.9353452378491335,2.3578118314758143
GCTGGGTGTCTCGACG-2,0.47194818011839695,-54.123348729909644
GCTGGGTGTTCCGGTG-2,-1.106577551922197,2.236156562032674
GGAATCTAGTGATAAC-2,-5.748405232181365,5.5402961011021095
GGACGTCCACGAGGAT-2,2.3289875989785926,-52.44328168170706
GGAGAACGTCCCTGTT-2,-4.4994189968260025,6.172585829569978
GGAGCAATCCACCTCA-2,0.7998423170963527,-53.0004933352485
GGATGTTAGGCGAACT-2,-9.729988687739528,-0.4328513186278163
GGCAGTCAGTGCCCGT-2,-9.382339725004211,0.09602061492580082
GGCGTCAGTTCTCTCG-2,-3.8764182558856275,4.686790384230547
GGCTGTGAGCTAAGTA-2,-2.592417447502134,3.02365907607467
GGCTGTGCAAGGACAC-2,-2.587718467177761,2.0163724093445836
GGCTGTGGTGACAACG-2,1.424816352467079,-52.291949300938015
GGCTTGGGTTTGGAAA-2,-4.634644291283183,6.535518220094513
GGCTTGGTCGTCAACA-2,-6.099838321662774,3.505518317495239
GGGACAACATGAATAG-2,-1.1842654204441196,2.273579659499515
GGGACCTCATCTAACG-2,2.7976015592691486,-52.478195653842455
GGGACCTTCAGTGGGA-2,0.08760226403518852,-54.156327198942776
GGGACTCCAAGATGGC-2,-6.583952623561043,1.7506839754453405
GGGACTCTCTTCGTAT-2,-9.181250592044039,-1.6924990315971489
GGGAGTAAGGTGCGAT-2,-3.962283737388358,6.750835518699789
GGGAGTACAGGTCAGA-2,2.5215932984209632,-52.404201582220765
GGGATCCCAATCGCAT-2,-2.4384630057763106,1.1652573970516285
GGGCGTTGTCAGACGA-2,-3.4283198478580497,6.004031452140436
GGGCTACTCAGCTGAT-2,-8.895934628464298,0.4692468831721443
GGGCTCAGTTAGGACG-2,-1.8306343803483176,2.1884808616458185
GGGTAGATCAAGTGGG-2,-2.04117841876575,1.8756304508872277
GGGTATTTCATGAGTC-2,-0.3184056005296651,-53.50184665162581
GGGTGAACACTCCGGA-2,0.012187651791992413,-52.94186084339641
GGGTTATTCGGAGATG-2,-8.616035491013827,-0.7860534770728842
GGGTTTAAGCCTGAAG-2,-0.9313563075530695,1.9467999562387728
GGTAACTTCGGTCTAA-2,-9.599173577578775,-0.593736494063899
GGTAACTTCTTGCAAG-2,-4.489832537999078,5.599660787180472
GGTAATCAGCCGCTTG-2,-10.286047262339515,-2.9144498792974973
GGTAATCGTGCCCAGT-2,-9.723733069107796,-0.34989973808247904
GGTCACGTCAAGCTGT-2,-2.1490976592732194,1.7581221302222045
GGTCTGGGTATTTCCT-2,-2.525878125314575,2.06138382971848
GGTCTGGTCTCCTACG-2,0.05646300605644122,-53.013711698258746
GGTGAAGAGGGCTGAT-2,-7.334725583385721,-3.5103707812082035
GGTGAAGCACGGCTAC-2,-10.42024239925562,-1.4479256173215023
GGTGAAGGTTTAGAGA-2,-5.0253439606020285,6.018552286377485
GGTGATTCACGTGAGA-2,-0.09859156189837015,-53.53706009355638
GGTGGCTTCACTGGGC-2,-8.53050996446422,0.33732491526531344
GGTGTTATCAAAGGAT-2,0.5362964744500689,-54.55179132545709
GTAACACGTGATTCAC-2,-6.102648584128467,3.3240958346479066
GTAACACGTTGGGAAC-2,-5.831631235651424,5.164194078729167
GTAAGTCTCAGCTGAT-2,-10.263191479030851,-2.769347831711446
GTACAACAGTCTAACC-2,-0.029701065225086674,-53.754937230686735
GTACAGTCATAGTCGT-2,-1.1247799891766428,2.129212171286198
GTACAGTGTAACAAGT-2,-0.1446824871007084,-53.541831846721415
GTAGAGGAGTTGGAAT-2,-0.9531201533135168,1.803778663102128
GTAGGAGTCACTAGCA-2,-3.496818078334421,6.732658033121938
GTAGGTTCAACGACAG-2,-3.4240664359316173,5.881460755485957
GTAGTACAGTCGCTAT-2,-4.758057057145486,6.477713412267017
GTATTTCAGGGTCTTT-2,-6.293175254718767,1.8873723667598874
GTATTTCCACGTACTA-2,-3.1781218925397545,4.115221180055239
GTATTTCCATCTCGTC-2,-3.230947290901033,6.738146857508513
GTCACGGAGCGTCTCG-2,-2.361384308687605,1.218495696983343
GTCACGGCAGCTGAAG-2,0.3168934472728827,-52.14115600702641
GTCACTCGTCTGTGAT-2,0.2896759788230024,-53.344853548011585
GTCAGCGGTGTAGGAC-2,-6.185141161419852,3.249338309280857
GTCAGCGGTTAAAGTG-2,-0.9830301422643397,4.150574125904499
GTCATGACATCCGAAT-2,-10.580776355528196,-1.602643459832135
GTCATGAGTGGTCTAT-2,-9.673564247731754,-0.3737008457263717
GTCCCATAGATGAACT-2,0.7504622015346789,-55.029875754764525
GTCCCATTCCAACCGG-2,-5.268201239970499,6.076419274400763
GTCGCGAGTTGCGAAG-2,-3.2153201032566203,4.50804293105982
GTCGTTCAGCGCCTTG-2,0.7640925762232949,-53.93523337089513
GTCGTTCCAAGAATGT-2,-9.997233154185572,-2.0075635360113857
GTCTACCAGACGGTCA-2,-7.889212258011489,-3.01482864195309
GTCTACCTCCCAGTGG-2,-4.079789096777773,5.494351804753134
GTCTAGAGTCACTGAT-2,-8.955388967454915,-3.34254885440628
GTCTCACAGTTAGAAC-2,3.1825745334459703,-52.74744063988822
GTCTGTCGTACCCAGC-2,-8.93565548385626,0.4220889201092522
GTCTGTCGTATAGGAT-2,-5.317676985291957,-2.8560151046169935
GTCTTTAGTTCGTAAC-2,-9.423387800273774,-0.374596179886534
GTCTTTATCGTCAACA-2,-9.875497307159801,-2.650197666227969
GTGACGCGTCAGTCTA-2,-9.170439796660387,0.03804043119103003
GTGAGGAGTTCAGGTT-2,-1.1159615420191358,1.9907314472828999
GTGAGTTAGGAGCAAA-2,-5.52162685249028,5.600365197247224
GTGATGTCAAATGGAT-2,-9.274771567039375,-0.10487394553716836
GTGATGTCACAACGCC-2,2.4538063969107795,-53.24619149249069
GTGCACGTCCGATGTA-2,3.8620130825113574,-53.30545106852474
GTGCAGCGTTGATCGT-2,-1.3348549973333543,2.1655423354250654
GTGCAGCTCGCTTACC-2,0.8108438026096128,-54.16784897194897
GTGCAGCTCGTACACA-2,3.4757256814782638,-53.93792085368993
GTGCGTGAGAACGTGC-2,-9.880495128866507,-2.945198121509066
GTGGAAGGTCTACACA-2,-1.049634501117753,2.3339733105638607
GTGGAGAAGTTCTCTT-2,-7.451520265639055,0.7222895457050177
GTGGAGATCTGCATAG-2,2.989810304274222,-52.48055884209667
GTGTGGCGTCATATGC-2,3.6956391265086954,-51.98386185835918
GTGTTAGGTCACTCAA-2,-9.007157908910004,0.2667390565191329
GTGTTCCAGGTAGTAT-2,-2.9045142981222503,6.133434204931831
GTTACAGAGTGGTTCT-2,-2.8460060632135837,3.3963029579435675
GTTACAGGTGGCTGAA-2,0.07998062575956236,-53.22047633932907
GTTACCCCAGAGGTAC-2,-4.0085186656194995,6.62126534998429
GTTACGACACCCTTAC-2,-6.089930450081048,-3.3437905243985857
GTTAGTGTCCTACCAC-2,-10.732053593645029,-1.5586200641083332
GTTATGGAGAATTCAG-2,2.6734534043803633,-53.17327357344446
GTTATGGAGTGCTACT-2,-8.74811889933363,0.4327569136051122
GTTCATTAGAAGCTGC-2,-1.6518857318890472,2.1115441050547528
GTTCATTAGGCATTTC-2,-3.507557261384829,6.589674957257406
GTTCATTTCCTTGAAG-2,-5.620698645702222,5.591326415068016
GTTCGCTTCCATAGGT-2,-5.357704788832454,4.069754787310258
GTTCTATTCCTGTACC-2,0.5942408682272873,-54.69801432252798
GTTGCGGTCCCATACC-2,-9.09782890146129,-0.2932422737370435
GTTGTAGTCACAGTGT-2,3.5379316871010795,-53.24809460586012
GTTGTCCGTGCTTCAA-2,-5.585904919948647,-2.7041221327470084
GTTGTGAAGGTCGTCC-2,-5.823103497202363,5.017969797562436
GTTGTGATCTTCCCGA-2,-2.7425856278075824,3.3781018007687735
GTTTACTCATCGAGCC-2,-3.3970641778822035,6.12298406444617
TAACACGGTTCGTAAC-2,-3.04499110026674,6.402690133078529
TAACCAGCAAATGGTA-2,-5.570026240309228,5.344916911062836
TAACCAGGTCTACTGA-2,-5.292285456304422,5.6802591036611885
TAACGACCACTGAGGA-2,-3.5705292203366774,4.587524531380534
TAACGACTCTTAAGGC-2,-6.005257523269175,-2.3592182121060574
TAACTTCGTTGCTCGG-2,-5.598243120136397,5.761545566183187
TAAGCACAGGAACGTC-2,-5.673489742617222,3.814480155686624
TAAGCACGTCTCGACG-2,-9.034232855059503,-1.531936578175753
TAAGCGTTCCATTTAC-2,-9.28999573155624,-0.42061462628974927
TAAGCGTTCTCAGTCC-2,1.151322577522121,-53.18525835207445
TAAGTCGGTCAAACGG-2,-0.8206477672203331,2.1343582555320078
TAAGTCGGTTGGGAAC-2,-9.433066332867407,-0.4628395570408811
TAATCTCCACAGGATG-2,-0.9303035286476602,1.9312245218254673
TAATTCCAGCGCTTCG-2,-9.784429666211192,-2.2817906204573406
TACAACGGTTGTTTGG-2,-1.1234266309519367,4.05076142529125
TACCCGTCAGTCGAGA-2,-6.379094468547778,2.437912638239635
TACCGAAAGATGAACT-2,-2.2941407430138394,1.103043901019565
TACCTCGAGATGTTGA-2,-2.7322795863022034,3.6626628769079947
TACCTGCCACTACCGG-2,-5.712043092858521,-2.1076111619806603
TACGGGCAGGAGAATG-2,-10.35719892005405,-1.3086826642661102
TACGTCCAGGATACCG-2,-10.7708422969436,-1.181904821560563
TACGTCCGTACGCTTA-2,-5.7719320365967866,4.757749463622173
TACGTCCGTCATCTAG-2,-4.393372628035758,5.691122823670889
TACTGCCGTGAGTAGC-2,-4.8590932621765335,6.400237440705653
TACTTACGTGGATCAG-2,-10.547990119709619,-2.121893761414894
TAGACCATCGTAGTGT-2,3.5813812178385316,-53.58088879855962
TAGACTGGTCCGGACT-2,-0.07631219063857889,-53.6695441454646
TAGGAGGCAAGAGATT-2,-0.7978953660224183,2.0011520884908296
TAGGGTTCACTCACTC-2,-1.608021436926271,2.2617338824438007
TAGTGCAAGCTCCACG-2,0.025059741431084477,-52.749676217235056
TAGTGCAGTGCCCACA-2,2.341419552503699,-51.77067135928284
TATATCCAGCATGAAT-2,-1.2129842999140403,3.1610798466856993
TATCCTAGTTCGGCTG-2,-6.69452840554383,1.596031829946362
TATCGCCGTCTCGGAC-2,-5.83553118008339,4.865323834103957
TATCTGTAGCGAGTCA-2,-4.902329575019733,6.432092221362017
TATCTGTCATAGGAGC-2,-5.916679513762051,4.1237681192314835
TATCTTGAGAAATTCG-2,-5.704736297520525,-1.876654605764652
TATCTTGAGACCTGGA-2,0.11042162443436598,-53.43384125707899
TATGTTCGTTAAGACA-2,-0.8827843918307033,1.9808201403769
TATGTTCTCCAATGCA-2,-3.5375400959672403,5.8172950511827874
TATTCCAAGTAACGAT-2,3.350687676998796,-53.466463015309316
TATTCCAGTCGGCACT-2,-9.518399869447874,-0.018929578505214595
TCAAGACTCCCGAATA-2,-2.9824224574424654,4.63381858017006
TCAATCTAGTAATACG-2,-3.2666887524569392,2.517346190067774
TCAATTCTCGTTAGTG-2,-3.199931217810436,4.726268524027005
TCACACCAGTCTTCGA-2,3.588089532925927,-51.70325703800815
TCACATTTCGAGCCAC-2,3.853103090587005,-53.519460543296205
TCACTATCAGCTTTGA-2,-9.855895079450296,-1.6998314270726673
TCAGCCTGTCTATGAC-2,-3.229555956946094,1.844393808810442
TCAGCCTGTTCCAGGC-2,-10.300209628178719,-2.594467470843356
TCAGGGCTCCAACCGG-2,-9.767248440518467,-1.6441647667512824
TCATACTAGAGAGCGG-2,-8.585327122001353,-3.045981983829822
TCATATCCAGTGGCTC-2,-3.1415423948772525,1.9969059208395954
TCATCATTCGCCATAA-2,-3.629538396220628,5.806740742164856
TCATCCGTCCGAGAAG-2,-5.677107998011472,4.642283880246291
TCATTGTAGGTCCCTG-2,-10.711789821999853,-2.158636766541588
TCATTGTTCACCATCC-2,0.7631772273371991,-53.68392896592999
TCCACCAGTACTGCCG-2,-8.56304527164737,-2.313278885715088
TCCATCGGTTTGACAC-2,-3.2775557238642525,2.396961115755755
TCCCATGGTTGATCGT-2,0.5806376086125948,-54.79357908790943
TCCGAAAAGCATGTTC-2,1.4936120369640407,-52.37939752074413
TCCGTGTCACTTACAG-2,-5.643014937044715,5.344876924184272
TCCGTGTGTTAGGACG-2,-3.1428929685963816,6.600448497794418
TCCTCGACAACTGATC-2,3.616991611176963,-52.8460554544708
TCCTCGACAATTGCAC-2,0.539791454658622,-54.00385397943931
TCCTTTCGTCGCAACC-2,-4.505308432197358,6.269116457576886
TCCTTTCGTGCCTAAT-2,0.10122001929587708,-53.74865421381633
TCGAACAGTTGATGTC-2,3.8152859902996825,-52.70822724940809
TCGAACAGTTTCGGCG-2,-7.1654714571138935,1.6266698854436747
TCGATTTGTGGCTCTG-2,-5.501091513024058,-2.8234007132470653
TCGATTTTCGAGTACT-2,-6.048796491033534,1.7715254980058706
TCGCACTCAAATACAG-2,-9.65779023436466,-0.580756138534505
TCGCAGGAGGATATAC-2,0.28517803051720814,-53.11496848682154
TCGCAGGTCGAGCCTG-2,-3.3242079121970276,6.828005464522289
TCGCAGGTCGTCAAAC-2,-3.9361289263094106,5.725999459065044
TCGCTCATCCATTGGA-2,-0.9334642977149138,2.1437440701693635
TCGCTTGAGCACTCTA-2,-3.018626535718798,3.496040405536774
TCGCTTGTCGTCTACC-2,1.0417513393906133,-53.10076277935578
TCGGGCAAGAGACAAG-2,-9.596836271582145,-1.695305862206397
TCGGGTGGTTGAGTCT-2,-2.922062905325932,6.207128290603053
TCGGTCTGTTCTCTAT-2,-9.653926587406938,-0.9906431372370686
TCGTAGAAGTAAACAC-2,-9.141046963567124,0.3592611852261988
TCGTAGAGTTCGTACA-2,-10.823747284490706,-1.9375379163060404
TCGTAGATCTCGGCTT-2,-5.717129052416522,5.577979656137645
TCGTCCAGTCAGGAGT-2,-9.294040703643757,-1.3249087182921087
TCGTCCATCAAGAGTA-2,2.1657813049394963,-53.733011165517446
TCGTGCTCAGGCCTGT-2,0.9498236814498003,-54.50127670470619
TCTAACTAGCTTAGTC-2,-5.0225831353257675,5.2263031804126046
TCTACCGAGTGGTTAA-2,-2.082619478349366,1.9517582896435122
TCTATACAGTTGAATG-2,-9.98336521800267,-3.1012176841404675
TCTATCATCGATTTCT-2,-4.994158759743445,5.5543459792130685
TCTCAGCTCGCTTTAT-2,0.7582413370446147,-53.539544971294305
TCTCCGAAGCCAGACA-2,-0.22698729218986405,-53.68444318164416
TCTGCCAGTGGGTATG-2,-8.574170522783422,-2.679133497905089
TCTGTCGGTCGTTGCG-2,-7.066550953437472,1.643949988129798
TCTTAGTTCGGTAAGG-2,-5.862060075128712,4.938632920579159
TCTTCCTTCAAGTCTG-2,-9.364421302358418,-0.25722057385636066
TCTTGCGGTCGGTAAG-2,-4.682163263146787,5.346659530598379
TCTTTGACATATGGCT-2,-7.874818279291068,0.8743175408942302
TGAATCGCAATGCAAA-2,-4.63355119070086,6.42086194364783
TGAATCGCAGTCAGTT-2,-5.058955838487775,6.252586427265367
TGAATGCGTTTGCAGT-2,-8.709566189113803,0.03395961670367682
TGACAGTAGACTGAGC-2,-3.6286998797080416,2.0837320321148343
TGACCCTTCAGGAAAT-2,3.8871030439131222,-52.78545510189607
TGACTCCCACTATGTG-2,2.477475083286072,-52.74565987975558
TGACTCCTCATTCTTG-2,-10.050660833598462,-2.710454740147196
TGAGACTCATTGAAGA-2,1.1980982030038638,-53.749071024393125
TGAGCATAGATTGTGA-2,-10.851433051040159,-1.3331879407019667
TGAGCATCACAACGTT-2,-3.0393251108386146,4.162009538929289
TGAGCGCAGTAACAGT-2,-3.3901965513991534,1.5727715797695754
TGAGCGCCAATAGGAT-2,-9.047453660379288,-0.6265323746213146
TGAGGAGCACTTCAGA-2,-3.03256331270002,4.7717337805361355
TGATCAGCACGCGCTA-2,-5.231495884850072,-1.360370663846582
TGCATCCTCGCCGATG-2,0.24268642739737492,-52.940596578542376
TGCATGAAGAAACTCA-2,0.4519187137282083,-52.09942733834845
TGCGGCAGTGCATGTT-2,-3.5130004863614177,6.148548199397376
TGCGGGTGTCACCTTC-2,-1.3611333727311414,2.694035833352983
TGCTCGTAGCAACAAT-2,1.7907840158592279,-53.8811188841659
TGCTGAAGTGGAAATT-2,-1.4615758358518676,2.5105693013983563
TGCTTCGTCCTCGATC-2,-9.511046703483013,-0.7451192199046363
TGGCGTGGTTGCTCCT-2,-2.973181046730881,6.121125547204867
TGGGAGACATGCCGGT-2,-8.788091667672989,0.2854304826636282
TGGGTTAAGTTCCGGC-2,-1.2558332721264267,2.659545269372607
TGGTAGTAGAATCGAT-2,0.6556517862716733,-53.72261115594776
TGGTAGTTCGCATAGT-2,-7.935510744297185,-0.4336110761748066
TGTAACGAGGTAGGCT-2,-3.164569044696065,4.772038023892023
TGTACAGAGCCAGACA-2,-6.356038487920503,-3.3156260159219615
TGTACAGAGTCCTGCG-2,3.482869194358372,-52.4405777128611
TGTACAGGTGAGCAGT-2,-5.756728664327916,-3.2913196028144585
TGTAGACGTCGAAACG-2,-1.261361629718279,3.8496255929851957
TGTCAGAAGCCAACCC-2,-5.681412759690307,5.74333925187956
TGTCCACTCCTGGTCT-2,-9.220950444451644,-0.38783352262542725
TGTCCACTCTACCCAC-2,2.5509111205267243,-54.702142675008325
TGTCCTGCAATCCTTT-2,0.19956039319286603,-53.586586336183366
TGTCCTGTCAACGCTA-2,-0.9653770167472598,2.023073204980983
TGTCCTGTCCTCTTTC-2,3.8660293258020832,-52.384184068002064
TGTGAGTGTGGACAGT-2,-2.9050157752270898,6.009991929344226
TGTGATGGTACCTGTA-2,-6.047148609921784,3.594188962134729
TGTGGCGAGTTCTACG-2,0.2674774232929005,-54.05239751065017
TGTGTGAAGGGATCTG-2,-9.365384714564328,-0.06825790881139499
TGTTACTCAGATACTC-2,-9.409155373576123,-0.1241654890698089
TGTTCATCACGGGTAA-2,-2.9515680890329046,5.298937768449881
TGTTCTATCCACGTGG-2,-4.835905232851676,6.2470513433845865
TTACAGGCAACTTCTT-2,-10.308613331686722,-1.6965774660961717
TTACCGCAGCCGTCGT-2,-8.681252872295362,0.031225220652851424
TTACCGCCAAAGTGTA-2,-9.746061913973215,-2.4807231624342663
TTACGTTAGTCCCGGT-2,-0.9574960643721988,2.1704428745385163
TTAGGCAAGATAGGGA-2,-2.3590015847666725,1.6665640615719575
TTAGGGTGTAGCTTGT-2,-5.4559561422209555,-3.446412670641901
TTAGGGTTCACGGAGA-2,-5.327461539701475,-3.1074146399890634
TTAGGGTTCCCAGGCA-2,-5.496379933924617,-1.95899975142271
TTATTGCGTTGAATCC-2,-9.483273684957178,-2.0962031330243946
TTATTGCTCATTCTTG-2,-3.2676324680536593,5.726241075624263
TTCACCGGTACAAACA-2,-5.42791333159392,-3.0158195100219705
TTCAGGACAGTACTAC-2,-3.602577234439109,1.949976622553248
TTCATGTGTGAGCGAT-2,-9.398655432958314,-3.037184704703955
TTCATGTGTTTCGCTC-2,-9.980548678218838,-2.108600396431512
TTCATTGAGAGGTATT-2,-10.482205292786425,-2.6844472300843765
TTCCAATCACATCATG-2,-2.3657850924247414,2.5325209914442763
TTCCAATTCGAGAACG-2,-4.9832415340505065,5.967369249745623
TTCCACGGTAGACACG-2,0.028751081789870698,-53.84802871397614
TTCCACGTCGGATAAA-2,-4.621973103090006,1.5941236087548054
TTCCTTCGTAGGTGCA-2,-3.4104887175183682,6.679753352404142
TTCCTTCGTCTACGTA-2,-7.333590071412557,1.3937058216142264
TTCCTTCGTGTTCGTA-2,-5.982925307105745,4.61624034780392
TTCCTTCTCCGTTGAA-2,-1.246146653022104,2.3500230913005855
TTCGATTTCAGAGTGG-2,-5.550291558110902,-2.16272570249751
TTCGCTGGTGTTACAC-2,-1.1926512762675658,3.2974316731995956
TTCGGTCTCATTGAGC-2,-4.173618096168162,5.981125753414183
TTCTAGTGTCGGCACT-2,-3.0762154529245014,4.464548940253012
TTCTTGACAGCAAGAC-2,0.18905885912423678,-53.22938668921469
TTGAACGCAATCGCAT-2,-2.917421800996142,6.483173760265531
TTGAACGGTTCTCCCA-2,0.9149722446306839,-54.83411104834255
TTGAACGTCTCAATCT-2,0.06816652796119135,-53.29820252757205
TTGACCCGTCATAGTC-2,-10.190218678325902,-2.8564485502068515
TTGACCCTCATTATCC-2,-10.285699623877683,-3.0098362106109913
TTGCCTGAGTCCCAAT-2,-3.2544447730959343,1.7289402892717602
TTGCGTCAGATACGAT-2,-3.754142578590404,5.5506509817999286
TTGGATGAGCGACTTT-2,0.3076814664328589,-53.40271548763055
TTGGATGAGGTAAGAG-2,2.534714729181084,-51.50575085139235
TTGGATGCAAATGGTA-2,0.22330205300177022,-54.48305686996121
TTGGGATCACCAGTAT-2,3.7883003774818165,-53.34562335767614
TTGGGATTCGTTTACT-2,-3.746254453330573,6.054270250779921
TTGGGCGGTACTCGCG-2,-9.675244896607504,-0.49440017002828807
TTGGGCGGTCCCACGA-2,-3.033586440568458,3.9184208145754003
TTGGGCGTCTTCACGC-2,1.767840694076434,-54.29591500835587
TTGGGTACAGTCGAGA-2,-3.229997339778698,6.462849613004185
TTGGGTATCCATCGTC-2,-9.559812038947507,-0.6209726686354877
TTGGTTTCATATACCG-2,-7.926052618271102,0.7857386325373564
TTGGTTTTCTATTTCG-2,-0.9236073578275793,2.2518400007039547
TTGTTTGAGGCACCAA-2,1.7719060263341682,-52.35886342160874
TTGTTTGGTGGCTGCT-2,-7.464487108118867,-2.7573924156688965
TTTACCAGTGGTTTGT-2,-0.1195890400109712,-53.532899806854196
TTTACCATCTAGTACG-2,-1.9618541768782645,2.391376601937581
TTTACGTAGTTTGGCT-2,-4.3965716622077995,5.856862444863073
TTTAGTCGTCTCGACG-2,-3.8967281153899447,6.127657327455571
TTTATGCCACCTGCAG-2,-2.3022575044165676,1.1982748009359074
TTTCACACAGCCATTA-2,-1.253550750487654,2.0902215975249794
TTTCACAGTAAGTTGA-2,-3.0353882837233908,3.2991701365751394
TTTCACAGTAGGCAAC-2,-0.15063251067994315,-53.277727952016214
TTTCATGAGACCACGA-2,-3.7636669541025958,6.613367563046597
TTTCCTCCAAGTATCC-2,2.8382330893174634,-52.715104835896035
TTTCGATCAAAGGCGT-2,-5.774720906093527,4.979324198713949
TTTCGATGTTCGTACA-2,-3.3210555124249277,5.459787904728187
TTTGATCTCCTCTCGA-2,-10.497119603103286,-2.661488732998092
TTTGGAGCACGTCGTG-2,-10.365067116735686,-2.9593026278632455
TTTGGAGCACTAGAGG-2,-1.2301168755620386,3.1095094595025485
TTTGTTGCAAGGTCAG-2,4.041855312831703,-52.97824170385122
TTTGTTGTCAAATGCC-2,-5.466837886699822,-3.1455972054377463
