"","cell_id","cluster","cell_region","cell_timing"
"AAACGCTAGCACTAAA-1","AAACGCTAGCACTAAA-1","9","anterior","late_dev"
"AAAGAACTCATCGCAA-1","AAAGAACTCATCGCAA-1","4","anterior","mid_dev"
"AAAGGGCAGACGGTTG-1","AAAGGGCAGACGGTTG-1","5","anterior","late_dev"
"AACCAACAGCCAAGCA-1","AACCAACAGCCAAGCA-1","6","central","late_dev"
"AACCAACAGTTTCGGT-1","AACCAACAGTTTCGGT-1","4","anterior","mid_dev"
"AACCAACTCCTGCTAC-1","AACCAACTCCTGCTAC-1","4","anterior","mid_dev"
"AACGGGACACGTCTCT-1","AACGGGACACGTCTCT-1","5","anterior","late_dev"
"AACGGGATCCTGATAG-1","AACGGGATCCTGATAG-1","0","central","late_dev"
"AACGTCAGTAGGCAAC-1","AACGTCAGTAGGCAAC-1","3","anterior","late_dev"
"AAGACAAGTGTCCAAT-1","AAGACAAGTGTCCAAT-1","3","anterior","late_dev"
"AAGGTAACATCATGAC-1","AAGGTAACATCATGAC-1","3","anterior","late_dev"
"AAGTCGTCAATCCAGT-1","AAGTCGTCAATCCAGT-1","1","1","mid_dev"
"AAGTGAATCGAGTACT-1","AAGTGAATCGAGTACT-1","6","central","late_dev"
"AATCGTGCATCTCCCA-1","AATCGTGCATCTCCCA-1","0","central","late_dev"
"AATGGAAGTATTCTCT-1","AATGGAAGTATTCTCT-1","0","central","late_dev"
"AATGGAAGTGGTCTGC-1","AATGGAAGTGGTCTGC-1","1","1","mid_dev"
"AATTCCTAGGATACGC-1","AATTCCTAGGATACGC-1","11","11","late_dev"
"ACAGAAATCATTGCCC-1","ACAGAAATCATTGCCC-1","3","anterior","late_dev"
"ACATTTCCAGCCGTTG-1","ACATTTCCAGCCGTTG-1","6","central","late_dev"
"ACCAACAGTAAGCAAT-1","ACCAACAGTAAGCAAT-1","11","11","late_dev"
"ACCTACCGTGACAGCA-1","ACCTACCGTGACAGCA-1","8","8","8"
"ACCTGTCCAGTAGAAT-1","ACCTGTCCAGTAGAAT-1","6","central","late_dev"
"ACGATGTCAACGATTC-1","ACGATGTCAACGATTC-1","4","anterior","mid_dev"
"ACTATGGCACTTTATC-1","ACTATGGCACTTTATC-1","0","central","late_dev"
"ACTGATGTCGTGCGAC-1","ACTGATGTCGTGCGAC-1","1","1","mid_dev"
"ACTTTCAAGTTTCTTC-1","ACTTTCAAGTTTCTTC-1","5","anterior","late_dev"
"ACTTTCACATCAACCA-1","ACTTTCACATCAACCA-1","8","8","8"
"AGACACTCAGTGGGTA-1","AGACACTCAGTGGGTA-1","4","anterior","mid_dev"
"AGACAGGGTTTACACG-1","AGACAGGGTTTACACG-1","11","11","late_dev"
"AGACAGGTCATCGCTC-1","AGACAGGTCATCGCTC-1","10","posterior","late_dev"
"AGACCATTCAAAGGTA-1","AGACCATTCAAAGGTA-1","2","2","2"
"AGAGAATAGGGTCTTT-1","AGAGAATAGGGTCTTT-1","5","anterior","late_dev"
"AGAGAATGTCGTTTCC-1","AGAGAATGTCGTTTCC-1","0","central","late_dev"
"AGAGAATTCTTGCAGA-1","AGAGAATTCTTGCAGA-1","10","posterior","late_dev"
"AGCCAATCAAAGACGC-1","AGCCAATCAAAGACGC-1","11","11","late_dev"
"AGGACGATCAAACCCA-1","AGGACGATCAAACCCA-1","5","anterior","late_dev"
"AGGACTTAGGTTCCGC-1","AGGACTTAGGTTCCGC-1","9","anterior","late_dev"
"AGGTCTACAAGAGGTC-1","AGGTCTACAAGAGGTC-1","1","1","mid_dev"
"AGGTGTTAGCACGGAT-1","AGGTGTTAGCACGGAT-1","10","posterior","late_dev"
"AGGTGTTAGGGAGTGG-1","AGGTGTTAGGGAGTGG-1","3","anterior","late_dev"
"AGGTTACGTCATCGGC-1","AGGTTACGTCATCGGC-1","4","anterior","mid_dev"
"AGTACTGAGTAAGACT-1","AGTACTGAGTAAGACT-1","3","anterior","late_dev"
"AGTCAACTCGCATAGT-1","AGTCAACTCGCATAGT-1","9","anterior","late_dev"
"AGTCACATCACTGGTA-1","AGTCACATCACTGGTA-1","11","11","late_dev"
"AGTGATCTCGGAGTAG-1","AGTGATCTCGGAGTAG-1","10","posterior","late_dev"
"AGTGCCGCATTCTTCA-1","AGTGCCGCATTCTTCA-1","1","1","mid_dev"
"AGTTAGCAGAGTACCG-1","AGTTAGCAGAGTACCG-1","3","anterior","late_dev"
"AGTTAGCAGGCCTTGC-1","AGTTAGCAGGCCTTGC-1","11","11","late_dev"
"AGTTCCCAGGAACGCT-1","AGTTCCCAGGAACGCT-1","0","central","late_dev"
"ATACTTCTCGAAGAAT-1","ATACTTCTCGAAGAAT-1","4","anterior","mid_dev"
"ATATCCTTCACTGTTT-1","ATATCCTTCACTGTTT-1","3","anterior","late_dev"
"ATCATTCGTGGCAACA-1","ATCATTCGTGGCAACA-1","6","central","late_dev"
"ATCGGATAGATAACGT-1","ATCGGATAGATAACGT-1","9","anterior","late_dev"
"ATCTCTAGTCTCCTGT-1","ATCTCTAGTCTCCTGT-1","9","anterior","late_dev"
"ATCTTCAGTAGATCCT-1","ATCTTCAGTAGATCCT-1","10","posterior","late_dev"
"ATGAGGGAGCGTATAA-1","ATGAGGGAGCGTATAA-1","0","central","late_dev"
"ATGAGTCAGCGCACAA-1","ATGAGTCAGCGCACAA-1","0","central","late_dev"
"ATGGGAGAGAAATTCG-1","ATGGGAGAGAAATTCG-1","10","posterior","late_dev"
"ATGGGTTTCAGTCTTT-1","ATGGGTTTCAGTCTTT-1","4","anterior","mid_dev"
"ATGGTTGGTCTCACAA-1","ATGGTTGGTCTCACAA-1","11","11","late_dev"
"ATTATCCTCGGAAACG-1","ATTATCCTCGGAAACG-1","4","anterior","mid_dev"
"ATTCACTCATGAATCC-1","ATTCACTCATGAATCC-1","5","anterior","late_dev"
"ATTCTACTCGATGGAG-1","ATTCTACTCGATGGAG-1","5","anterior","late_dev"
"ATTTCACAGAGTGAAG-1","ATTTCACAGAGTGAAG-1","0","central","late_dev"
"CAACAACTCTGTACAG-1","CAACAACTCTGTACAG-1","5","anterior","late_dev"
"CAACAGTCAGTATGAA-1","CAACAGTCAGTATGAA-1","9","anterior","late_dev"
"CAACAGTGTTTCCATT-1","CAACAGTGTTTCCATT-1","1","1","mid_dev"
"CAACCAAAGGTAATCA-1","CAACCAAAGGTAATCA-1","6","central","late_dev"
"CAACCTCAGTCCTGCG-1","CAACCTCAGTCCTGCG-1","10","posterior","late_dev"
"CAACGATCAAGTGGGT-1","CAACGATCAAGTGGGT-1","6","central","late_dev"
"CAACGGCCAGCTATAC-1","CAACGGCCAGCTATAC-1","11","11","late_dev"
"CAAGGGACAGCAAGAC-1","CAAGGGACAGCAAGAC-1","2","2","2"
"CAATACGTCCGTGTAA-1","CAATACGTCCGTGTAA-1","10","posterior","late_dev"
"CAATTTCCATACCACA-1","CAATTTCCATACCACA-1","1","1","mid_dev"
"CAATTTCTCATATGGC-1","CAATTTCTCATATGGC-1","3","anterior","late_dev"
"CACAGATGTCAAAGAT-1","CACAGATGTCAAAGAT-1","9","anterior","late_dev"
"CACAGATGTGTTAAAG-1","CACAGATGTGTTAAAG-1","0","central","late_dev"
"CACAGATGTTCCGCTT-1","CACAGATGTTCCGCTT-1","0","central","late_dev"
"CACATGATCCACAGGC-1","CACATGATCCACAGGC-1","5","anterior","late_dev"
"CACGAATAGCACACAG-1","CACGAATAGCACACAG-1","3","anterior","late_dev"
"CACGTGGGTTACTCAG-1","CACGTGGGTTACTCAG-1","4","anterior","mid_dev"
"CACTAAGGTCCAGTTA-1","CACTAAGGTCCAGTTA-1","0","central","late_dev"
"CACTGAATCTGCGGAC-1","CACTGAATCTGCGGAC-1","9","anterior","late_dev"
"CACTGGGAGTCAGCCC-1","CACTGGGAGTCAGCCC-1","8","8","8"
"CACTTCGAGCGGTATG-1","CACTTCGAGCGGTATG-1","6","central","late_dev"
"CACTTCGTCAAGCCTA-1","CACTTCGTCAAGCCTA-1","5","anterior","late_dev"
"CAGATCATCTAGACAC-1","CAGATCATCTAGACAC-1","9","anterior","late_dev"
"CAGCACGGTCGAGTTT-1","CAGCACGGTCGAGTTT-1","5","anterior","late_dev"
"CAGCAGCCAGCAGGAT-1","CAGCAGCCAGCAGGAT-1","8","8","8"
"CAGCCAGGTTTAGACC-1","CAGCCAGGTTTAGACC-1","10","posterior","late_dev"
"CAGGCCATCACAACCA-1","CAGGCCATCACAACCA-1","0","central","late_dev"
"CAGGTATCAGCGGATA-1","CAGGTATCAGCGGATA-1","10","posterior","late_dev"
"CAGGTATCATTAGGCT-1","CAGGTATCATTAGGCT-1","4","anterior","mid_dev"
"CAGTTAGTCGTTCATT-1","CAGTTAGTCGTTCATT-1","3","anterior","late_dev"
"CATACAGAGGCACGAT-1","CATACAGAGGCACGAT-1","9","anterior","late_dev"
"CATACCCCATCCTGTC-1","CATACCCCATCCTGTC-1","10","posterior","late_dev"
"CATCAAGGTTCTTAGG-1","CATCAAGGTTCTTAGG-1","9","anterior","late_dev"
"CATCCGTAGCCTGGAA-1","CATCCGTAGCCTGGAA-1","9","anterior","late_dev"
"CATCGCTTCCGTTTCG-1","CATCGCTTCCGTTTCG-1","4","anterior","mid_dev"
"CATGCCTCAAGCAGGT-1","CATGCCTCAAGCAGGT-1","4","anterior","mid_dev"
"CATTCCGCAGAGCGTA-1","CATTCCGCAGAGCGTA-1","0","central","late_dev"
"CATTCTACACCAGCGT-1","CATTCTACACCAGCGT-1","10","posterior","late_dev"
"CATTGTTCAGCATACT-1","CATTGTTCAGCATACT-1","9","anterior","late_dev"
"CCACCATCATGACAAA-1","CCACCATCATGACAAA-1","9","anterior","late_dev"
"CCCTCAAAGTCTCGTA-1","CCCTCAAAGTCTCGTA-1","10","posterior","late_dev"
"CCGATCTGTCTACATG-1","CCGATCTGTCTACATG-1","8","8","8"
"CCGATGGGTCTGTGAT-1","CCGATGGGTCTGTGAT-1","5","anterior","late_dev"
"CCGGACACAAGCGATG-1","CCGGACACAAGCGATG-1","5","anterior","late_dev"
"CCGGACACATAAGCGG-1","CCGGACACATAAGCGG-1","10","posterior","late_dev"
"CCGGACAGTACGAGCA-1","CCGGACAGTACGAGCA-1","9","anterior","late_dev"
"CCGGGTAGTTCGTGCG-1","CCGGGTAGTTCGTGCG-1","0","central","late_dev"
"CCGTGAGCACTCCCTA-1","CCGTGAGCACTCCCTA-1","3","anterior","late_dev"
"CCTCAACGTGTAGCAG-1","CCTCAACGTGTAGCAG-1","11","11","late_dev"
"CCTCAACTCATCTCTA-1","CCTCAACTCATCTCTA-1","9","anterior","late_dev"
"CCTCACAGTATTGGCT-1","CCTCACAGTATTGGCT-1","10","posterior","late_dev"
"CCTCACAGTGGCTGAA-1","CCTCACAGTGGCTGAA-1","4","anterior","mid_dev"
"CCTCAGTAGCTCGAAG-1","CCTCAGTAGCTCGAAG-1","11","11","late_dev"
"CCTCCAAAGCCACCGT-1","CCTCCAAAGCCACCGT-1","0","central","late_dev"
"CCTCCAATCAAGTGTC-1","CCTCCAATCAAGTGTC-1","4","anterior","mid_dev"
"CCTCTCCCATTCACCC-1","CCTCTCCCATTCACCC-1","11","11","late_dev"
"CCTTGTGGTCTCACGG-1","CCTTGTGGTCTCACGG-1","9","anterior","late_dev"
"CGAATTGGTTCGAACT-1","CGAATTGGTTCGAACT-1","9","anterior","late_dev"
"CGAATTGTCAGTGTTG-1","CGAATTGTCAGTGTTG-1","3","anterior","late_dev"
"CGAGGCTGTATGAGAT-1","CGAGGCTGTATGAGAT-1","9","anterior","late_dev"
"CGAGTGCGTCGAGCTC-1","CGAGTGCGTCGAGCTC-1","6","central","late_dev"
"CGATGCGAGGAGAGGC-1","CGATGCGAGGAGAGGC-1","11","11","late_dev"
"CGATGCGGTGAGTTGG-1","CGATGCGGTGAGTTGG-1","4","anterior","mid_dev"
"CGCCATTAGTCTTCGA-1","CGCCATTAGTCTTCGA-1","3","anterior","late_dev"
"CGCCATTGTTCCCAAA-1","CGCCATTGTTCCCAAA-1","6","central","late_dev"
"CGCGTGAGTTTGTGGT-1","CGCGTGAGTTTGTGGT-1","1","1","mid_dev"
"CGGCAGTTCCGTAGGC-1","CGGCAGTTCCGTAGGC-1","8","8","8"
"CGGGCATTCTAGTGTG-1","CGGGCATTCTAGTGTG-1","5","anterior","late_dev"
"CGTAAGTCATTAGGCT-1","CGTAAGTCATTAGGCT-1","11","11","late_dev"
"CGTAAGTGTCTGATAC-1","CGTAAGTGTCTGATAC-1","4","anterior","mid_dev"
"CGTAAGTGTGGATTTC-1","CGTAAGTGTGGATTTC-1","10","posterior","late_dev"
"CGTCCATGTGCTCGTG-1","CGTCCATGTGCTCGTG-1","0","central","late_dev"
"CGTCCATGTGGGAGAG-1","CGTCCATGTGGGAGAG-1","4","anterior","mid_dev"
"CGTGATAAGTTCTCTT-1","CGTGATAAGTTCTCTT-1","9","anterior","late_dev"
"CGTGTCTAGGTCTGGA-1","CGTGTCTAGGTCTGGA-1","10","posterior","late_dev"
"CGTTAGACACAGTGTT-1","CGTTAGACACAGTGTT-1","9","anterior","late_dev"
"CGTTAGACAGTCAGAG-1","CGTTAGACAGTCAGAG-1","11","11","late_dev"
"CTACCCATCGTCCATC-1","CTACCCATCGTCCATC-1","3","anterior","late_dev"
"CTACTATTCAGGAAAT-1","CTACTATTCAGGAAAT-1","9","anterior","late_dev"
"CTACTATTCGAGTGAG-1","CTACTATTCGAGTGAG-1","5","anterior","late_dev"
"CTCAAGATCGTTATCT-1","CTCAAGATCGTTATCT-1","10","posterior","late_dev"
"CTCAGGGAGTGGCGAT-1","CTCAGGGAGTGGCGAT-1","5","anterior","late_dev"
"CTCAGGGCAAGTTGGG-1","CTCAGGGCAAGTTGGG-1","2","2","2"
"CTCATCGCAAGAATAC-1","CTCATCGCAAGAATAC-1","5","anterior","late_dev"
"CTCCAACAGAGCGACT-1","CTCCAACAGAGCGACT-1","8","8","8"
"CTCCACACACTGGAAG-1","CTCCACACACTGGAAG-1","2","2","2"
"CTCCATGGTATCGATC-1","CTCCATGGTATCGATC-1","10","posterior","late_dev"
"CTCCATGTCCACGGGT-1","CTCCATGTCCACGGGT-1","3","anterior","late_dev"
"CTCCCAAAGCTGTTAC-1","CTCCCAAAGCTGTTAC-1","1","1","mid_dev"
"CTCCCTCTCTCCAAGA-1","CTCCCTCTCTCCAAGA-1","9","anterior","late_dev"
"CTCCGATGTTCCGCTT-1","CTCCGATGTTCCGCTT-1","4","anterior","mid_dev"
"CTCGAGGCACACTTAG-1","CTCGAGGCACACTTAG-1","2","2","2"
"CTCTCAGAGATGAACT-1","CTCTCAGAGATGAACT-1","10","posterior","late_dev"
"CTCTCGAGTACCCACG-1","CTCTCGAGTACCCACG-1","0","central","late_dev"
"CTCTGGTCAGTATACC-1","CTCTGGTCAGTATACC-1","5","anterior","late_dev"
"CTGAATGTCAAAGGTA-1","CTGAATGTCAAAGGTA-1","2","2","2"
"CTGAGCGAGCATCTTG-1","CTGAGCGAGCATCTTG-1","4","anterior","mid_dev"
"CTGCCTAGTCAATCTG-1","CTGCCTAGTCAATCTG-1","3","anterior","late_dev"
"CTGCCTATCTGAGGTT-1","CTGCCTATCTGAGGTT-1","9","anterior","late_dev"
"CTGCGAGTCTATTCGT-1","CTGCGAGTCTATTCGT-1","1","1","mid_dev"
"CTGTACCCACTGCGAC-1","CTGTACCCACTGCGAC-1","11","11","late_dev"
"CTGTAGAGTGTGTACT-1","CTGTAGAGTGTGTACT-1","2","2","2"
"CTGTATTAGCTAATGA-1","CTGTATTAGCTAATGA-1","10","posterior","late_dev"
"CTGTATTAGTAGTCTC-1","CTGTATTAGTAGTCTC-1","3","anterior","late_dev"
"CTGTCGTGTCCAAATC-1","CTGTCGTGTCCAAATC-1","9","anterior","late_dev"
"CTGTGGGCAGACTGCC-1","CTGTGGGCAGACTGCC-1","3","anterior","late_dev"
"CTTAGGAAGGATATGT-1","CTTAGGAAGGATATGT-1","9","anterior","late_dev"
"CTTAGGATCCAAACCA-1","CTTAGGATCCAAACCA-1","4","anterior","mid_dev"
"CTTCAATGTGGACAGT-1","CTTCAATGTGGACAGT-1","0","central","late_dev"
"CTTCGGTAGAAGGGAT-1","CTTCGGTAGAAGGGAT-1","5","anterior","late_dev"
"CTTCGGTAGCAAGTGC-1","CTTCGGTAGCAAGTGC-1","9","anterior","late_dev"
"CTTCGGTAGCTACAAA-1","CTTCGGTAGCTACAAA-1","11","11","late_dev"
"CTTCGGTTCTCAGAAC-1","CTTCGGTTCTCAGAAC-1","10","posterior","late_dev"
"CTTGAGACAGGAGGTT-1","CTTGAGACAGGAGGTT-1","11","11","late_dev"
"CTTTCGGGTAATCAGA-1","CTTTCGGGTAATCAGA-1","3","anterior","late_dev"
"GAACGTTTCGATCCAA-1","GAACGTTTCGATCCAA-1","8","8","8"
"GAACTGTGTATCCCTC-1","GAACTGTGTATCCCTC-1","3","anterior","late_dev"
"GAATCGTAGTCACACT-1","GAATCGTAGTCACACT-1","0","central","late_dev"
"GAATCGTCAGGATCTT-1","GAATCGTCAGGATCTT-1","10","posterior","late_dev"
"GACCAATTCCGATAGT-1","GACCAATTCCGATAGT-1","8","8","8"
"GACCGTGCATGGCCCA-1","GACCGTGCATGGCCCA-1","0","central","late_dev"
"GACTATGTCCTCGATC-1","GACTATGTCCTCGATC-1","6","central","late_dev"
"GACTCTCTCGACGAGA-1","GACTCTCTCGACGAGA-1","10","posterior","late_dev"
"GAGACCCCACCAGGTC-1","GAGACCCCACCAGGTC-1","10","posterior","late_dev"
"GAGCTGCCAGACCAGA-1","GAGCTGCCAGACCAGA-1","0","central","late_dev"
"GAGGCCTCACACGGTC-1","GAGGCCTCACACGGTC-1","4","anterior","mid_dev"
"GAGGCCTTCCTCACCA-1","GAGGCCTTCCTCACCA-1","6","central","late_dev"
"GAGGGATAGTCACTGT-1","GAGGGATAGTCACTGT-1","3","anterior","late_dev"
"GAGGGATTCTAGCCAA-1","GAGGGATTCTAGCCAA-1","3","anterior","late_dev"
"GAGTCTAAGCCATGCC-1","GAGTCTAAGCCATGCC-1","11","11","late_dev"
"GAGTGAGAGTAAGACT-1","GAGTGAGAGTAAGACT-1","3","anterior","late_dev"
"GAGTTGTCAAATACGA-1","GAGTTGTCAAATACGA-1","0","central","late_dev"
"GAGTTTGCAGCGCGTT-1","GAGTTTGCAGCGCGTT-1","10","posterior","late_dev"
"GATAGAAGTGCCGAAA-1","GATAGAAGTGCCGAAA-1","2","2","2"
"GATCACACATCTGTTT-1","GATCACACATCTGTTT-1","4","anterior","mid_dev"
"GATCACAGTACAAAGT-1","GATCACAGTACAAAGT-1","9","anterior","late_dev"
"GATCATGGTGAATTGA-1","GATCATGGTGAATTGA-1","6","central","late_dev"
"GATCCCTCAGCAGTAG-1","GATCCCTCAGCAGTAG-1","11","11","late_dev"
"GATCGTACAACTACGT-1","GATCGTACAACTACGT-1","6","central","late_dev"
"GATGTTGAGTTGCGCC-1","GATGTTGAGTTGCGCC-1","2","2","2"
"GCAACCGTCGTAACTG-1","GCAACCGTCGTAACTG-1","4","anterior","mid_dev"
"GCACGGTAGATTGTGA-1","GCACGGTAGATTGTGA-1","5","anterior","late_dev"
"GCCAACGTCCTTCAGC-1","GCCAACGTCCTTCAGC-1","5","anterior","late_dev"
"GCCAGTGGTTAAGCAA-1","GCCAGTGGTTAAGCAA-1","0","central","late_dev"
"GCCGATGTCCATAGAC-1","GCCGATGTCCATAGAC-1","4","anterior","mid_dev"
"GCGTGCAAGGGTCACA-1","GCGTGCAAGGGTCACA-1","0","central","late_dev"
"GCGTGCACAAACACCT-1","GCGTGCACAAACACCT-1","6","central","late_dev"
"GCGTTTCTCCGTGGGT-1","GCGTTTCTCCGTGGGT-1","0","central","late_dev"
"GCTACAAAGGAACGCT-1","GCTACAAAGGAACGCT-1","9","anterior","late_dev"
"GCTACCTTCCCGTTCA-1","GCTACCTTCCCGTTCA-1","0","central","late_dev"
"GCTTCACCAAGCCTGC-1","GCTTCACCAAGCCTGC-1","11","11","late_dev"
"GGACGTCTCCGTGGTG-1","GGACGTCTCCGTGGTG-1","0","central","late_dev"
"GGCGTCACAAGGGTCA-1","GGCGTCACAAGGGTCA-1","1","1","mid_dev"
"GGCTTGGAGACCAGAC-1","GGCTTGGAGACCAGAC-1","9","anterior","late_dev"
"GGCTTTCCAAATCAAG-1","GGCTTTCCAAATCAAG-1","8","8","8"
"GGGACAATCTTTACAC-1","GGGACAATCTTTACAC-1","8","8","8"
"GGGACCTCACATTCTT-1","GGGACCTCACATTCTT-1","4","anterior","mid_dev"
"GGGAGATCAGTTAGAA-1","GGGAGATCAGTTAGAA-1","11","11","late_dev"
"GGGAGTACAGTTGTCA-1","GGGAGTACAGTTGTCA-1","9","anterior","late_dev"
"GGGATGAAGCTACTAC-1","GGGATGAAGCTACTAC-1","4","anterior","mid_dev"
"GGGCCATAGCCTTTCC-1","GGGCCATAGCCTTTCC-1","6","central","late_dev"
"GGGTGTCCAGTATACC-1","GGGTGTCCAGTATACC-1","10","posterior","late_dev"
"GGTTCTCCAAAGACGC-1","GGTTCTCCAAAGACGC-1","0","central","late_dev"
"GGTTGTATCGCCATAA-1","GGTTGTATCGCCATAA-1","11","11","late_dev"
"GTAAGTCAGCTGTCCG-1","GTAAGTCAGCTGTCCG-1","10","posterior","late_dev"
"GTACAGTTCACAAGAA-1","GTACAGTTCACAAGAA-1","4","anterior","mid_dev"
"GTAGATCGTACAGTTC-1","GTAGATCGTACAGTTC-1","2","2","2"
"GTAGATCGTAGTATAG-1","GTAGATCGTAGTATAG-1","11","11","late_dev"
"GTAGGAGTCTCGCTTG-1","GTAGGAGTCTCGCTTG-1","10","posterior","late_dev"
"GTAGGTTCATGGCCCA-1","GTAGGTTCATGGCCCA-1","0","central","late_dev"
"GTAGGTTGTAGATCGG-1","GTAGGTTGTAGATCGG-1","1","1","mid_dev"
"GTATTGGTCTAGCCTC-1","GTATTGGTCTAGCCTC-1","3","anterior","late_dev"
"GTCAAACTCCCATAGA-1","GTCAAACTCCCATAGA-1","0","central","late_dev"
"GTCAGCGCACCAAATC-1","GTCAGCGCACCAAATC-1","10","posterior","late_dev"
"GTCAGCGGTCGTTATG-1","GTCAGCGGTCGTTATG-1","0","central","late_dev"
"GTCCTCAGTACTGGGA-1","GTCCTCAGTACTGGGA-1","0","central","late_dev"
"GTCTCACGTCGAGTGA-1","GTCTCACGTCGAGTGA-1","5","anterior","late_dev"
"GTGACGCTCTAGCCTC-1","GTGACGCTCTAGCCTC-1","11","11","late_dev"
"GTGAGGACAGGCACTC-1","GTGAGGACAGGCACTC-1","11","11","late_dev"
"GTGCACGAGCCTCAAT-1","GTGCACGAGCCTCAAT-1","9","anterior","late_dev"
"GTGGAGACAGCGTTTA-1","GTGGAGACAGCGTTTA-1","3","anterior","late_dev"
"GTGTAACGTGGACTGA-1","GTGTAACGTGGACTGA-1","3","anterior","late_dev"
"GTGTTAGGTCTGATAC-1","GTGTTAGGTCTGATAC-1","0","central","late_dev"
"GTTAGTGAGGAAAGAC-1","GTTAGTGAGGAAAGAC-1","9","anterior","late_dev"
"GTTAGTGGTAATGATG-1","GTTAGTGGTAATGATG-1","5","anterior","late_dev"
"GTTATGGCAATGACCT-1","GTTATGGCAATGACCT-1","3","anterior","late_dev"
"GTTATGGTCTCGTCAC-1","GTTATGGTCTCGTCAC-1","3","anterior","late_dev"
"GTTCATTGTTACGATC-1","GTTCATTGTTACGATC-1","3","anterior","late_dev"
"GTTCCGTAGGAAGTAG-1","GTTCCGTAGGAAGTAG-1","11","11","late_dev"
"GTTCTATAGCATATGA-1","GTTCTATAGCATATGA-1","0","central","late_dev"
"GTTCTATGTCACCACG-1","GTTCTATGTCACCACG-1","3","anterior","late_dev"
"GTTGAACGTTCTCCAC-1","GTTGAACGTTCTCCAC-1","8","8","8"
"GTTGCGGTCGAGAGAC-1","GTTGCGGTCGAGAGAC-1","0","central","late_dev"
"GTTGCTCAGTGCCCGT-1","GTTGCTCAGTGCCCGT-1","5","anterior","late_dev"
"GTTTGGAAGCTAGTTC-1","GTTTGGAAGCTAGTTC-1","6","central","late_dev"
"TAAGCACAGTTTCAGC-1","TAAGCACAGTTTCAGC-1","4","anterior","mid_dev"
"TAAGCGTTCTGCGATA-1","TAAGCGTTCTGCGATA-1","1","1","mid_dev"
"TACAGGTAGGCTTAGG-1","TACAGGTAGGCTTAGG-1","11","11","late_dev"
"TACAGGTTCGTGAGAG-1","TACAGGTTCGTGAGAG-1","9","anterior","late_dev"
"TACCCGTTCTATTTCG-1","TACCCGTTCTATTTCG-1","3","anterior","late_dev"
"TACCGAATCGCTACGG-1","TACCGAATCGCTACGG-1","0","central","late_dev"
"TACTTCATCATCACCC-1","TACTTCATCATCACCC-1","11","11","late_dev"
"TACTTCATCCCTTCCC-1","TACTTCATCCCTTCCC-1","3","anterior","late_dev"
"TAGACCAGTATGCTTG-1","TAGACCAGTATGCTTG-1","11","11","late_dev"
"TAGACCAGTTCAAGGG-1","TAGACCAGTTCAAGGG-1","10","posterior","late_dev"
"TAGACTGTCTGGGCCA-1","TAGACTGTCTGGGCCA-1","9","anterior","late_dev"
"TAGATCGGTGTCACAT-1","TAGATCGGTGTCACAT-1","0","central","late_dev"
"TAGCACACAGCGACAA-1","TAGCACACAGCGACAA-1","3","anterior","late_dev"
"TAGTGCACAAAGGCTG-1","TAGTGCACAAAGGCTG-1","5","anterior","late_dev"
"TATATCCAGAAGCGAA-1","TATATCCAGAAGCGAA-1","11","11","late_dev"
"TATCTTGTCATCTGTT-1","TATCTTGTCATCTGTT-1","9","anterior","late_dev"
"TATGTTCAGATCCAAA-1","TATGTTCAGATCCAAA-1","11","11","late_dev"
"TCAAGCAGTACTGAGG-1","TCAAGCAGTACTGAGG-1","2","2","2"
"TCAAGCATCTATTCGT-1","TCAAGCATCTATTCGT-1","2","2","2"
"TCAAGTGGTGTTCATG-1","TCAAGTGGTGTTCATG-1","11","11","late_dev"
"TCAATTCCACACCAGC-1","TCAATTCCACACCAGC-1","6","central","late_dev"
"TCAATTCCAGATAAAC-1","TCAATTCCAGATAAAC-1","0","central","late_dev"
"TCACATTCAACAGAGC-1","TCACATTCAACAGAGC-1","1","1","mid_dev"
"TCACGCTCACGCGGTT-1","TCACGCTCACGCGGTT-1","9","anterior","late_dev"
"TCACGCTTCCTCTGCA-1","TCACGCTTCCTCTGCA-1","9","anterior","late_dev"
"TCACTCGTCTACGGTA-1","TCACTCGTCTACGGTA-1","5","anterior","late_dev"
"TCACTCGTCTCAACCC-1","TCACTCGTCTCAACCC-1","6","central","late_dev"
"TCAGCCTTCTCTCAAT-1","TCAGCCTTCTCTCAAT-1","10","posterior","late_dev"
"TCAGGTAAGCCTGAGA-1","TCAGGTAAGCCTGAGA-1","0","central","late_dev"
"TCAGTCCCACAAATCC-1","TCAGTCCCACAAATCC-1","3","anterior","late_dev"
"TCAGTTTTCTGCCTGT-1","TCAGTTTTCTGCCTGT-1","3","anterior","late_dev"
"TCATCATTCTAGTGTG-1","TCATCATTCTAGTGTG-1","10","posterior","late_dev"
"TCATTGTCACGTGTGC-1","TCATTGTCACGTGTGC-1","5","anterior","late_dev"
"TCATTGTCAGGATGAC-1","TCATTGTCAGGATGAC-1","11","11","late_dev"
"TCCACCAAGCGACATG-1","TCCACCAAGCGACATG-1","8","8","8"
"TCCACGTAGGTACAGC-1","TCCACGTAGGTACAGC-1","8","8","8"
"TCCACGTGTGTCCAAT-1","TCCACGTGTGTCCAAT-1","9","anterior","late_dev"
"TCCATCGAGATCGACG-1","TCCATCGAGATCGACG-1","9","anterior","late_dev"
"TCCCACAAGGAATGTT-1","TCCCACAAGGAATGTT-1","2","2","2"
"TCCCACACAACGCCCA-1","TCCCACACAACGCCCA-1","5","anterior","late_dev"
"TCCGATCTCTTTACAC-1","TCCGATCTCTTTACAC-1","9","anterior","late_dev"
"TCCTCTTAGTATGCAA-1","TCCTCTTAGTATGCAA-1","0","central","late_dev"
"TCCTCTTCATTGAAGA-1","TCCTCTTCATTGAAGA-1","3","anterior","late_dev"
"TCCTTCTCATCAGCAT-1","TCCTTCTCATCAGCAT-1","5","anterior","late_dev"
"TCCTTTCAGCGTTCAT-1","TCCTTTCAGCGTTCAT-1","8","8","8"
"TCGAACATCGTGAGAG-1","TCGAACATCGTGAGAG-1","2","2","2"
"TCGCAGGAGTTCCTGA-1","TCGCAGGAGTTCCTGA-1","3","anterior","late_dev"
"TCTAACTTCCAGTACA-1","TCTAACTTCCAGTACA-1","0","central","late_dev"
"TCTAACTTCCTACGAA-1","TCTAACTTCCTACGAA-1","11","11","late_dev"
"TCTATCACAATGTCTG-1","TCTATCACAATGTCTG-1","5","anterior","late_dev"
"TCTCAGCGTCACAGAG-1","TCTCAGCGTCACAGAG-1","10","posterior","late_dev"
"TCTCTGGTCACAGAGG-1","TCTCTGGTCACAGAGG-1","10","posterior","late_dev"
"TCTGTCGAGTTGTAAG-1","TCTGTCGAGTTGTAAG-1","0","central","late_dev"
"TCTTCCTGTAACGGTG-1","TCTTCCTGTAACGGTG-1","0","central","late_dev"
"TCTTTGAGTGCCTTCT-1","TCTTTGAGTGCCTTCT-1","9","anterior","late_dev"
"TGAATGCAGTCACGCC-1","TGAATGCAGTCACGCC-1","2","2","2"
"TGACGCGAGACTCAAA-1","TGACGCGAGACTCAAA-1","2","2","2"
"TGACGCGTCCTATTGT-1","TGACGCGTCCTATTGT-1","9","anterior","late_dev"
"TGAGACTGTAACGCGA-1","TGAGACTGTAACGCGA-1","10","posterior","late_dev"
"TGAGACTGTGTCACAT-1","TGAGACTGTGTCACAT-1","10","posterior","late_dev"
"TGAGGAGAGGTTCTTG-1","TGAGGAGAGGTTCTTG-1","0","central","late_dev"
"TGAGGAGGTTGGCCTG-1","TGAGGAGGTTGGCCTG-1","8","8","8"
"TGAGGGAAGAGCTGCA-1","TGAGGGAAGAGCTGCA-1","11","11","late_dev"
"TGAGGTTAGGTAAGTT-1","TGAGGTTAGGTAAGTT-1","9","anterior","late_dev"
"TGATCTTGTATCGCAT-1","TGATCTTGTATCGCAT-1","8","8","8"
"TGATGCAGTATTGCCA-1","TGATGCAGTATTGCCA-1","5","anterior","late_dev"
"TGATTTCGTGGCCACT-1","TGATTTCGTGGCCACT-1","9","anterior","late_dev"
"TGCAGATTCGTGAGAG-1","TGCAGATTCGTGAGAG-1","10","posterior","late_dev"
"TGCATCCAGGCTTTCA-1","TGCATCCAGGCTTTCA-1","3","anterior","late_dev"
"TGCATGACAGAGGCTA-1","TGCATGACAGAGGCTA-1","10","posterior","late_dev"
"TGCGATAGTCCAGCGT-1","TGCGATAGTCCAGCGT-1","4","anterior","mid_dev"
"TGCGGCAAGCTGTTCA-1","TGCGGCAAGCTGTTCA-1","4","anterior","mid_dev"
"TGCGGCACAATTTCGG-1","TGCGGCACAATTTCGG-1","5","anterior","late_dev"
"TGCTGAATCCCTTGGT-1","TGCTGAATCCCTTGGT-1","6","central","late_dev"
"TGGAACTTCGACCCAG-1","TGGAACTTCGACCCAG-1","8","8","8"
"TGGATGTCATGGCCAC-1","TGGATGTCATGGCCAC-1","9","anterior","late_dev"
"TGGCGTGGTGGAAGTC-1","TGGCGTGGTGGAAGTC-1","0","central","late_dev"
"TGGCGTGGTTATAGCC-1","TGGCGTGGTTATAGCC-1","0","central","late_dev"
"TGGCGTGTCAAGAAAC-1","TGGCGTGTCAAGAAAC-1","5","anterior","late_dev"
"TGGGAAGTCTCACCCA-1","TGGGAAGTCTCACCCA-1","8","8","8"
"TGGGATTCAATGTCAC-1","TGGGATTCAATGTCAC-1","5","anterior","late_dev"
"TGGGATTGTTGACGGA-1","TGGGATTGTTGACGGA-1","3","anterior","late_dev"
"TGGTACATCCATCGTC-1","TGGTACATCCATCGTC-1","3","anterior","late_dev"
"TGTAAGCCAGTGCCTG-1","TGTAAGCCAGTGCCTG-1","0","central","late_dev"
"TGTCAGAGTCTCAAGT-1","TGTCAGAGTCTCAAGT-1","9","anterior","late_dev"
"TGTGGCGTCCTCACTG-1","TGTGGCGTCCTCACTG-1","8","8","8"
"TGTTCCGTCATACGGT-1","TGTTCCGTCATACGGT-1","6","central","late_dev"
"TGTTCTAAGGGCAAGG-1","TGTTCTAAGGGCAAGG-1","6","central","late_dev"
"TGTTCTAGTATCGAAA-1","TGTTCTAGTATCGAAA-1","10","posterior","late_dev"
"TGTTGGAGTTCGTTCC-1","TGTTGGAGTTCGTTCC-1","4","anterior","mid_dev"
"TTACCATCAACCACAT-1","TTACCATCAACCACAT-1","10","posterior","late_dev"
"TTACGCCTCCGGTAGC-1","TTACGCCTCCGGTAGC-1","9","anterior","late_dev"
"TTACGTTTCCCTCGAT-1","TTACGTTTCCCTCGAT-1","3","anterior","late_dev"
"TTAGGCATCTCCGATC-1","TTAGGCATCTCCGATC-1","5","anterior","late_dev"
"TTCATTGTCATCTACT-1","TTCATTGTCATCTACT-1","9","anterior","late_dev"
"TTCCAATAGCGCTTCG-1","TTCCAATAGCGCTTCG-1","6","central","late_dev"
"TTCCGGTTCCTGTACC-1","TTCCGGTTCCTGTACC-1","10","posterior","late_dev"
"TTCTAACAGCGAACTG-1","TTCTAACAGCGAACTG-1","0","central","late_dev"
"TTCTAACCACGCTATA-1","TTCTAACCACGCTATA-1","9","anterior","late_dev"
"TTCTCTCAGGCGTTAG-1","TTCTCTCAGGCGTTAG-1","9","anterior","late_dev"
"TTCTTCCGTACTTCCC-1","TTCTTCCGTACTTCCC-1","0","central","late_dev"
"TTCTTCCGTTCCACGG-1","TTCTTCCGTTCCACGG-1","0","central","late_dev"
"TTGATGGAGCGCCGTT-1","TTGATGGAGCGCCGTT-1","1","1","mid_dev"
"TTGGGATGTAAGACCG-1","TTGGGATGTAAGACCG-1","5","anterior","late_dev"
"TTGGGATTCTGGCCAG-1","TTGGGATTCTGGCCAG-1","4","anterior","mid_dev"
"TTGTGTTCAGAGGGTT-1","TTGTGTTCAGAGGGTT-1","10","posterior","late_dev"
"TTTAGTCCAGCACAGA-1","TTTAGTCCAGCACAGA-1","8","8","8"
"TTTCCTCTCGCTCCTA-1","TTTCCTCTCGCTCCTA-1","3","anterior","late_dev"
"TTTGATCCAATGGGTG-1","TTTGATCCAATGGGTG-1","10","posterior","late_dev"
"TTTGATCCACCAGACC-1","TTTGATCCACCAGACC-1","1","1","mid_dev"
"TTTGTTGAGTATTCCG-1","TTTGTTGAGTATTCCG-1","10","posterior","late_dev"
"AAACGAACAAGAGAGA-2","AAACGAACAAGAGAGA-2","0","central","late_dev"
"AAAGGATCAGCACAGA-2","AAAGGATCAGCACAGA-2","5","anterior","late_dev"
"AAAGGTAAGTATAGGT-2","AAAGGTAAGTATAGGT-2","3","anterior","late_dev"
"AAATGGAGTGAATTGA-2","AAATGGAGTGAATTGA-2","12","12","early_dev"
"AACAAAGGTGTTATCG-2","AACAAAGGTGTTATCG-2","0","central","late_dev"
"AACAAGACACGAAAGC-2","AACAAGACACGAAAGC-2","0","central","late_dev"
"AACAGGGCAGGTGTGA-2","AACAGGGCAGGTGTGA-2","7","7","mid_dev"
"AACCAACAGTGGAATT-2","AACCAACAGTGGAATT-2","7","7","mid_dev"
"AACCACAGTCCCGCAA-2","AACCACAGTCCCGCAA-2","7","7","mid_dev"
"AACCACATCGGAATTC-2","AACCACATCGGAATTC-2","5","anterior","late_dev"
"AACGAAATCCGGTAAT-2","AACGAAATCCGGTAAT-2","8","8","8"
"AACTTCTCAAAGAGTT-2","AACTTCTCAAAGAGTT-2","1","1","mid_dev"
"AATAGAGCAAGACGGT-2","AATAGAGCAAGACGGT-2","1","1","mid_dev"
"AATCACGCAGCGGTCT-2","AATCACGCAGCGGTCT-2","11","11","late_dev"
"AATGAAGAGCAGGTCA-2","AATGAAGAGCAGGTCA-2","1","1","mid_dev"
"AATGGCTAGCAGAAAG-2","AATGGCTAGCAGAAAG-2","8","8","8"
"ACAAAGAAGGGCAATC-2","ACAAAGAAGGGCAATC-2","12","12","early_dev"
"ACAAAGACAGGTGACA-2","ACAAAGACAGGTGACA-2","2","2","2"
"ACAAAGAGTGTTTACG-2","ACAAAGAGTGTTTACG-2","3","anterior","late_dev"
"ACAAGCTTCTTTCGAT-2","ACAAGCTTCTTTCGAT-2","2","2","2"
"ACACCAATCGTGTGAT-2","ACACCAATCGTGTGAT-2","3","anterior","late_dev"
"ACAGAAACAAACTCTG-2","ACAGAAACAAACTCTG-2","8","8","8"
"ACAGAAATCGGCTCTT-2","ACAGAAATCGGCTCTT-2","4","anterior","mid_dev"
"ACAGGGAGTTGTTGTG-2","ACAGGGAGTTGTTGTG-2","3","anterior","late_dev"
"ACATCGACATATGGCT-2","ACATCGACATATGGCT-2","11","11","late_dev"
"ACATCGATCAGCGCAC-2","ACATCGATCAGCGCAC-2","8","8","8"
"ACATTTCAGCATCCCG-2","ACATTTCAGCATCCCG-2","1","1","mid_dev"
"ACCACAAGTCAGACGA-2","ACCACAAGTCAGACGA-2","12","12","early_dev"
"ACCATTTAGCATTGAA-2","ACCATTTAGCATTGAA-2","8","8","8"
"ACCCAAAAGCTCTGTA-2","ACCCAAAAGCTCTGTA-2","0","central","late_dev"
"ACCCAAATCGAGATGG-2","ACCCAAATCGAGATGG-2","2","2","2"
"ACCCTCAAGATCGGTG-2","ACCCTCAAGATCGGTG-2","6","central","late_dev"
"ACCTACCCAAGCCTGC-2","ACCTACCCAAGCCTGC-2","0","central","late_dev"
"ACGATGTCACTACACA-2","ACGATGTCACTACACA-2","2","2","2"
"ACGATGTGTTGCTCAA-2","ACGATGTGTTGCTCAA-2","3","anterior","late_dev"
"ACGCACGGTCTTCAAG-2","ACGCACGGTCTTCAAG-2","6","central","late_dev"
"ACGGGTCGTCTTGGTA-2","ACGGGTCGTCTTGGTA-2","8","8","8"
"ACGGTCGGTTTACGAC-2","ACGGTCGGTTTACGAC-2","7","7","mid_dev"
"ACGGTTATCCGTTGAA-2","ACGGTTATCCGTTGAA-2","7","7","mid_dev"
"ACGTAACAGGTAGCCA-2","ACGTAACAGGTAGCCA-2","12","12","early_dev"
"ACGTAGTGTCGAATGG-2","ACGTAGTGTCGAATGG-2","2","2","2"
"ACGTCCTTCATTACTC-2","ACGTCCTTCATTACTC-2","0","central","late_dev"
"ACTACGAAGTTGCATC-2","ACTACGAAGTTGCATC-2","4","anterior","mid_dev"
"ACTACGACACAGAGAC-2","ACTACGACACAGAGAC-2","3","anterior","late_dev"
"ACTATCTTCAACTTTC-2","ACTATCTTCAACTTTC-2","1","1","mid_dev"
"ACTCCCACAGGCTACC-2","ACTCCCACAGGCTACC-2","7","7","mid_dev"
"ACTGTCCAGCCGTCGT-2","ACTGTCCAGCCGTCGT-2","11","11","late_dev"
"ACTGTGAAGGAGAGGC-2","ACTGTGAAGGAGAGGC-2","3","anterior","late_dev"
"ACTTAGGTCGTACACA-2","ACTTAGGTCGTACACA-2","1","1","mid_dev"
"ACTTAGGTCTCCCATG-2","ACTTAGGTCTCCCATG-2","12","12","early_dev"
"ACTTTCACATTGTGCA-2","ACTTTCACATTGTGCA-2","3","anterior","late_dev"
"ACTTTGTAGGGCAGTT-2","ACTTTGTAGGGCAGTT-2","2","2","2"
"AGAAGCGCACACACGC-2","AGAAGCGCACACACGC-2","0","central","late_dev"
"AGAAGTAGTGATTCAC-2","AGAAGTAGTGATTCAC-2","0","central","late_dev"
"AGAGAGCTCACTTTGT-2","AGAGAGCTCACTTTGT-2","12","12","early_dev"
"AGATGAAAGACCAGCA-2","AGATGAAAGACCAGCA-2","5","anterior","late_dev"
"AGATGCTTCAGTCAGT-2","AGATGCTTCAGTCAGT-2","0","central","late_dev"
"AGCCAATTCAACTGAC-2","AGCCAATTCAACTGAC-2","12","12","early_dev"
"AGCCACGTCAGCAGAG-2","AGCCACGTCAGCAGAG-2","11","11","late_dev"
"AGCGCCAAGTCGTTAC-2","AGCGCCAAGTCGTTAC-2","1","1","mid_dev"
"AGCGTATCACGCAGTC-2","AGCGTATCACGCAGTC-2","12","12","early_dev"
"AGCTCAACAAGTGGTG-2","AGCTCAACAAGTGGTG-2","4","anterior","mid_dev"
"AGCTCAAGTAGAGCTG-2","AGCTCAAGTAGAGCTG-2","5","anterior","late_dev"
"AGCTTCCAGTGATAGT-2","AGCTTCCAGTGATAGT-2","3","anterior","late_dev"
"AGGACTTTCTGGAAGG-2","AGGACTTTCTGGAAGG-2","6","central","late_dev"
"AGGATAAAGAGACAAG-2","AGGATAAAGAGACAAG-2","4","anterior","mid_dev"
"AGGATCTGTCCACGCA-2","AGGATCTGTCCACGCA-2","12","12","early_dev"
"AGGATCTTCACTGGTA-2","AGGATCTTCACTGGTA-2","2","2","2"
"AGGCATTGTTTCGTAG-2","AGGCATTGTTTCGTAG-2","1","1","mid_dev"
"AGGCATTTCCGTGTCT-2","AGGCATTTCCGTGTCT-2","0","central","late_dev"
"AGGGAGTTCTGAGCAT-2","AGGGAGTTCTGAGCAT-2","7","7","mid_dev"
"AGGGCCTGTGGAAGTC-2","AGGGCCTGTGGAAGTC-2","3","anterior","late_dev"
"AGGGCCTTCTTCTCAA-2","AGGGCCTTCTTCTCAA-2","0","central","late_dev"
"AGGGTGACACGTACAT-2","AGGGTGACACGTACAT-2","6","central","late_dev"
"AGGGTTTCATGGCGCT-2","AGGGTTTCATGGCGCT-2","5","anterior","late_dev"
"AGGTGTTTCGCAATGT-2","AGGTGTTTCGCAATGT-2","11","11","late_dev"
"AGGTGTTTCGGCATTA-2","AGGTGTTTCGGCATTA-2","3","anterior","late_dev"
"AGGTTACAGACATATG-2","AGGTTACAGACATATG-2","0","central","late_dev"
"AGGTTACAGGGCAGGA-2","AGGTTACAGGGCAGGA-2","5","anterior","late_dev"
"AGGTTGTTCCATACAG-2","AGGTTGTTCCATACAG-2","12","12","early_dev"
"AGTAGTCGTTTACCAG-2","AGTAGTCGTTTACCAG-2","12","12","early_dev"
"AGTGACTGTTGGGTAG-2","AGTGACTGTTGGGTAG-2","12","12","early_dev"
"AGTGATCTCGTTCATT-2","AGTGATCTCGTTCATT-2","4","anterior","mid_dev"
"AGTTCGACACATTCGA-2","AGTTCGACACATTCGA-2","0","central","late_dev"
"AGTTCGATCAAGTCTG-2","AGTTCGATCAAGTCTG-2","1","1","mid_dev"
"ATACCGAAGGAGGTTC-2","ATACCGAAGGAGGTTC-2","0","central","late_dev"
"ATATCCTAGAAGGTAG-2","ATATCCTAGAAGGTAG-2","0","central","late_dev"
"ATCACAGGTCGGAAAC-2","ATCACAGGTCGGAAAC-2","12","12","early_dev"
"ATCACGACATATTCGG-2","ATCACGACATATTCGG-2","1","1","mid_dev"
"ATCACGATCACCACAA-2","ATCACGATCACCACAA-2","5","anterior","late_dev"
"ATCACGATCGTTCATT-2","ATCACGATCGTTCATT-2","7","7","mid_dev"
"ATCACTTAGGTGATCG-2","ATCACTTAGGTGATCG-2","4","anterior","mid_dev"
"ATCAGGTGTTCCGGTG-2","ATCAGGTGTTCCGGTG-2","2","2","2"
"ATCATTCTCGTTCCTG-2","ATCATTCTCGTTCCTG-2","6","central","late_dev"
"ATCCATTGTGTCTAAC-2","ATCCATTGTGTCTAAC-2","7","7","mid_dev"
"ATCCGTCGTGTTAAAG-2","ATCCGTCGTGTTAAAG-2","11","11","late_dev"
"ATCCGTCGTTTACACG-2","ATCCGTCGTTTACACG-2","2","2","2"
"ATCGCCTTCGGTAAGG-2","ATCGCCTTCGGTAAGG-2","1","1","mid_dev"
"ATCGGCGTCTTCACAT-2","ATCGGCGTCTTCACAT-2","1","1","mid_dev"
"ATCTCTACAACAGCTT-2","ATCTCTACAACAGCTT-2","4","anterior","mid_dev"
"ATGAAAGTCGTTACCC-2","ATGAAAGTCGTTACCC-2","8","8","8"
"ATGACCAAGAAACCAT-2","ATGACCAAGAAACCAT-2","0","central","late_dev"
"ATGAGGGCATAGGCGA-2","ATGAGGGCATAGGCGA-2","7","7","mid_dev"
"ATGCATGGTGGTTCTA-2","ATGCATGGTGGTTCTA-2","0","central","late_dev"
"ATGCCTCGTGTTTGCA-2","ATGCCTCGTGTTTGCA-2","6","central","late_dev"
"ATGGAGGCAATTCTCT-2","ATGGAGGCAATTCTCT-2","6","central","late_dev"
"ATGTCCCCAGGCCCTA-2","ATGTCCCCAGGCCCTA-2","9","anterior","late_dev"
"ATGTCCCCATTACTCT-2","ATGTCCCCATTACTCT-2","5","anterior","late_dev"
"ATGTCTTGTGATTAGA-2","ATGTCTTGTGATTAGA-2","8","8","8"
"ATGTCTTTCTAAACGC-2","ATGTCTTTCTAAACGC-2","0","central","late_dev"
"ATTCACTTCGACGTCG-2","ATTCACTTCGACGTCG-2","12","12","early_dev"
"ATTCAGGAGCATTGTC-2","ATTCAGGAGCATTGTC-2","8","8","8"
"ATTCATCGTAGCTGTT-2","ATTCATCGTAGCTGTT-2","1","1","mid_dev"
"ATTCGTTCAGTAACCT-2","ATTCGTTCAGTAACCT-2","8","8","8"
"ATTCTACTCGCATTAG-2","ATTCTACTCGCATTAG-2","7","7","mid_dev"
"ATTTCTGGTTGCAACT-2","ATTTCTGGTTGCAACT-2","12","12","early_dev"
"CAAAGAACATGCAGGA-2","CAAAGAACATGCAGGA-2","3","anterior","late_dev"
"CAAAGAAGTAACTAAG-2","CAAAGAAGTAACTAAG-2","1","1","mid_dev"
"CAAAGAAGTGCTATTG-2","CAAAGAAGTGCTATTG-2","2","2","2"
"CAAAGAAGTTCTTGCC-2","CAAAGAAGTTCTTGCC-2","4","anterior","mid_dev"
"CAACCTCAGTTGAATG-2","CAACCTCAGTTGAATG-2","1","1","mid_dev"
"CAACGATAGCCAACCC-2","CAACGATAGCCAACCC-2","4","anterior","mid_dev"
"CAAGAGGAGTGTAGAT-2","CAAGAGGAGTGTAGAT-2","6","central","late_dev"
"CAAGGGAGTGCCGGTT-2","CAAGGGAGTGCCGGTT-2","0","central","late_dev"
"CAATACGAGATGCTTC-2","CAATACGAGATGCTTC-2","12","12","early_dev"
"CAATACGCATAGGTAA-2","CAATACGCATAGGTAA-2","1","1","mid_dev"
"CAATACGTCACAACCA-2","CAATACGTCACAACCA-2","5","anterior","late_dev"
"CAATGACCAAGAGATT-2","CAATGACCAAGAGATT-2","12","12","early_dev"
"CACACAACATACAGAA-2","CACACAACATACAGAA-2","9","anterior","late_dev"
"CACACAACATCATCTT-2","CACACAACATCATCTT-2","5","anterior","late_dev"
"CACATGACACTGTCCT-2","CACATGACACTGTCCT-2","0","central","late_dev"
"CACATGACAGCCGGTT-2","CACATGACAGCCGGTT-2","6","central","late_dev"
"CACCAAATCAAAGGTA-2","CACCAAATCAAAGGTA-2","7","7","mid_dev"
"CACGTGGAGGCTCTAT-2","CACGTGGAGGCTCTAT-2","5","anterior","late_dev"
"CACTAAGCATCGCTAA-2","CACTAAGCATCGCTAA-2","1","1","mid_dev"
"CACTGAAAGAATTGTG-2","CACTGAAAGAATTGTG-2","6","central","late_dev"
"CACTGGGGTACGCTAT-2","CACTGGGGTACGCTAT-2","1","1","mid_dev"
"CACTTCGTCTTGGAAC-2","CACTTCGTCTTGGAAC-2","6","central","late_dev"
"CAGCAATAGATAGTCA-2","CAGCAATAGATAGTCA-2","1","1","mid_dev"
"CAGCAATAGTTGGAAT-2","CAGCAATAGTTGGAAT-2","2","2","2"
"CAGCACGAGGCACAAC-2","CAGCACGAGGCACAAC-2","0","central","late_dev"
"CAGCAGCAGTTGCATC-2","CAGCAGCAGTTGCATC-2","3","anterior","late_dev"
"CAGCCAGCATCAGCGC-2","CAGCCAGCATCAGCGC-2","0","central","late_dev"
"CAGCGTGAGTTACGAA-2","CAGCGTGAGTTACGAA-2","5","anterior","late_dev"
"CAGGGCTAGGGAACAA-2","CAGGGCTAGGGAACAA-2","3","anterior","late_dev"
"CAGGTATTCATGCCAA-2","CAGGTATTCATGCCAA-2","0","central","late_dev"
"CATAAGCAGTGCGTCC-2","CATAAGCAGTGCGTCC-2","1","1","mid_dev"
"CATCAAGTCTCATTTG-2","CATCAAGTCTCATTTG-2","10","posterior","late_dev"
"CATCCCAAGATTGAGT-2","CATCCCAAGATTGAGT-2","0","central","late_dev"
"CATGCAAAGATGATTG-2","CATGCAAAGATGATTG-2","1","1","mid_dev"
"CATGCAATCCCGAACG-2","CATGCAATCCCGAACG-2","5","anterior","late_dev"
"CATGCCTTCCTAGAGT-2","CATGCCTTCCTAGAGT-2","11","11","late_dev"
"CATGCGGGTATGTCAC-2","CATGCGGGTATGTCAC-2","3","anterior","late_dev"
"CATGCGGTCTATACGG-2","CATGCGGTCTATACGG-2","12","12","early_dev"
"CATGGTATCTATTCGT-2","CATGGTATCTATTCGT-2","2","2","2"
"CATTGTTAGGTCGTAG-2","CATTGTTAGGTCGTAG-2","4","anterior","mid_dev"
"CCAAGCGGTCATATGC-2","CCAAGCGGTCATATGC-2","6","central","late_dev"
"CCAATTTCACTAAACC-2","CCAATTTCACTAAACC-2","4","anterior","mid_dev"
"CCACAAACAGGTTCCG-2","CCACAAACAGGTTCCG-2","6","central","late_dev"
"CCACACTCAGAGAGGG-2","CCACACTCAGAGAGGG-2","1","1","mid_dev"
"CCACTTGCAGTGAGCA-2","CCACTTGCAGTGAGCA-2","11","11","late_dev"
"CCATAAGCAGTCGAGA-2","CCATAAGCAGTCGAGA-2","5","anterior","late_dev"
"CCATAAGTCTAGATCG-2","CCATAAGTCTAGATCG-2","2","2","2"
"CCATAAGTCTTCCTAA-2","CCATAAGTCTTCCTAA-2","12","12","early_dev"
"CCCTAACTCAAGAAAC-2","CCCTAACTCAAGAAAC-2","5","anterior","late_dev"
"CCCTCAAAGCAGCCTC-2","CCCTCAAAGCAGCCTC-2","2","2","2"
"CCCTCAACACTTGTGA-2","CCCTCAACACTTGTGA-2","5","anterior","late_dev"
"CCCTTAGTCAAGGACG-2","CCCTTAGTCAAGGACG-2","6","central","late_dev"
"CCGATGGTCACGACTA-2","CCGATGGTCACGACTA-2","10","posterior","late_dev"
"CCGGACATCACAAGGG-2","CCGGACATCACAAGGG-2","1","1","mid_dev"
"CCGTTCATCCCATGGG-2","CCGTTCATCCCATGGG-2","6","central","late_dev"
"CCTCAGTTCACCGGGT-2","CCTCAGTTCACCGGGT-2","10","posterior","late_dev"
"CCTCCTCTCTACCACC-2","CCTCCTCTCTACCACC-2","10","posterior","late_dev"
"CCTCTAGTCTTGGTGA-2","CCTCTAGTCTTGGTGA-2","1","1","mid_dev"
"CCTGCATTCGCCGAGT-2","CCTGCATTCGCCGAGT-2","7","7","mid_dev"
"CCTGTTGTCCTGTAGA-2","CCTGTTGTCCTGTAGA-2","0","central","late_dev"
"CCTTCAGTCCACTGGG-2","CCTTCAGTCCACTGGG-2","0","central","late_dev"
"CGAAGGATCGCGAAGA-2","CGAAGGATCGCGAAGA-2","3","anterior","late_dev"
"CGAATTGAGACCATTC-2","CGAATTGAGACCATTC-2","5","anterior","late_dev"
"CGAGGCTCACATAGCT-2","CGAGGCTCACATAGCT-2","7","7","mid_dev"
"CGAGTGCGTCGCGTTG-2","CGAGTGCGTCGCGTTG-2","12","12","early_dev"
"CGAGTGCTCTAGATCG-2","CGAGTGCTCTAGATCG-2","1","1","mid_dev"
"CGAGTTACACCCTGAG-2","CGAGTTACACCCTGAG-2","6","central","late_dev"
"CGATCGGAGTGGATAT-2","CGATCGGAGTGGATAT-2","1","1","mid_dev"
"CGATCGGGTATCGAGG-2","CGATCGGGTATCGAGG-2","1","1","mid_dev"
"CGATCGGGTCAAAGTA-2","CGATCGGGTCAAAGTA-2","1","1","mid_dev"
"CGATGCGCATGGCGCT-2","CGATGCGCATGGCGCT-2","6","central","late_dev"
"CGATGGCTCCAAGCTA-2","CGATGGCTCCAAGCTA-2","7","7","mid_dev"
"CGCATGGCACAATTCG-2","CGCATGGCACAATTCG-2","2","2","2"
"CGCCAGATCATAGGCT-2","CGCCAGATCATAGGCT-2","0","central","late_dev"
"CGGAGAACACTCAGAT-2","CGGAGAACACTCAGAT-2","0","central","late_dev"
"CGGGCATGTGCCGGTT-2","CGGGCATGTGCCGGTT-2","4","anterior","mid_dev"
"CGGGCATTCAGAATAG-2","CGGGCATTCAGAATAG-2","6","central","late_dev"
"CGTAAGTAGACCGTTT-2","CGTAAGTAGACCGTTT-2","4","anterior","mid_dev"
"CGTCAAAGTTCCTAGA-2","CGTCAAAGTTCCTAGA-2","3","anterior","late_dev"
"CGTGCTTGTCGCACGT-2","CGTGCTTGTCGCACGT-2","0","central","late_dev"
"CGTTAGACACCTTCCA-2","CGTTAGACACCTTCCA-2","6","central","late_dev"
"CGTTAGATCGCGTAGC-2","CGTTAGATCGCGTAGC-2","4","anterior","mid_dev"
"CGTTGGGGTTCTTGCC-2","CGTTGGGGTTCTTGCC-2","7","7","mid_dev"
"CGTTGGGTCCATCGTC-2","CGTTGGGTCCATCGTC-2","3","anterior","late_dev"
"CTAACTTTCCATCCGT-2","CTAACTTTCCATCCGT-2","6","central","late_dev"
"CTACCTGAGTAGTCCT-2","CTACCTGAGTAGTCCT-2","3","anterior","late_dev"
"CTAGACACAGGTGTGA-2","CTAGACACAGGTGTGA-2","6","central","late_dev"
"CTAGGTACACCCATAA-2","CTAGGTACACCCATAA-2","1","1","mid_dev"
"CTATCCGAGATCACCT-2","CTATCCGAGATCACCT-2","0","central","late_dev"
"CTATCTATCACTTGTT-2","CTATCTATCACTTGTT-2","3","anterior","late_dev"
"CTATCTATCGGCTTCT-2","CTATCTATCGGCTTCT-2","12","12","early_dev"
"CTCACTGCAGCACAAG-2","CTCACTGCAGCACAAG-2","0","central","late_dev"
"CTCAGGGCAAGTTGGG-2","CTCAGGGCAAGTTGGG-2","4","anterior","mid_dev"
"CTCAGTCAGTAAGACT-2","CTCAGTCAGTAAGACT-2","6","central","late_dev"
"CTCCATGTCGTTCTCG-2","CTCCATGTCGTTCTCG-2","4","anterior","mid_dev"
"CTCCCTCTCCAGCACG-2","CTCCCTCTCCAGCACG-2","8","8","8"
"CTCCTCCTCGCAGTGC-2","CTCCTCCTCGCAGTGC-2","8","8","8"
"CTCTCGAAGAGAACCC-2","CTCTCGAAGAGAACCC-2","5","anterior","late_dev"
"CTCTGGTGTTCGTTCC-2","CTCTGGTGTTCGTTCC-2","8","8","8"
"CTGATCCAGATGGTAT-2","CTGATCCAGATGGTAT-2","7","7","mid_dev"
"CTGCATCAGACCATAA-2","CTGCATCAGACCATAA-2","7","7","mid_dev"
"CTGCATCAGTGAGTGC-2","CTGCATCAGTGAGTGC-2","0","central","late_dev"
"CTGCATCGTCTGTGAT-2","CTGCATCGTCTGTGAT-2","0","central","late_dev"
"CTGCCATGTAATACCC-2","CTGCCATGTAATACCC-2","4","anterior","mid_dev"
"CTGCCTAGTATCGAGG-2","CTGCCTAGTATCGAGG-2","6","central","late_dev"
"CTGCCTAGTCATACCA-2","CTGCCTAGTCATACCA-2","5","anterior","late_dev"
"CTGGTCTCACCATTCC-2","CTGGTCTCACCATTCC-2","1","1","mid_dev"
"CTGTAGAGTTAGGGTG-2","CTGTAGAGTTAGGGTG-2","6","central","late_dev"
"CTTACCGGTCTAACTG-2","CTTACCGGTCTAACTG-2","7","7","mid_dev"
"CTTAGGAGTATGAAGT-2","CTTAGGAGTATGAAGT-2","1","1","mid_dev"
"CTTCCTTAGACGTCCC-2","CTTCCTTAGACGTCCC-2","6","central","late_dev"
"CTTCGGTAGCTCCCTT-2","CTTCGGTAGCTCCCTT-2","1","1","mid_dev"
"CTTCGGTGTCGACTTA-2","CTTCGGTGTCGACTTA-2","0","central","late_dev"
"CTTTCGGCACTTTATC-2","CTTTCGGCACTTTATC-2","3","anterior","late_dev"
"CTTTCGGCATACTTTC-2","CTTTCGGCATACTTTC-2","5","anterior","late_dev"
"GAAATGAAGCATGATA-2","GAAATGAAGCATGATA-2","0","central","late_dev"
"GAAGCCCCAAGGCTTT-2","GAAGCCCCAAGGCTTT-2","1","1","mid_dev"
"GAATAGAGTCACAGTT-2","GAATAGAGTCACAGTT-2","12","12","early_dev"
"GACAGCCGTCATGACT-2","GACAGCCGTCATGACT-2","1","1","mid_dev"
"GACATCAGTCAGACGA-2","GACATCAGTCAGACGA-2","6","central","late_dev"
"GACCCAGGTTGACTGT-2","GACCCAGGTTGACTGT-2","4","anterior","mid_dev"
"GACCCTTGTATAATGG-2","GACCCTTGTATAATGG-2","3","anterior","late_dev"
"GACGCTGGTTCCGCAG-2","GACGCTGGTTCCGCAG-2","0","central","late_dev"
"GAGAAATGTCATAACC-2","GAGAAATGTCATAACC-2","1","1","mid_dev"
"GAGAGGTGTTCAAGTC-2","GAGAGGTGTTCAAGTC-2","4","anterior","mid_dev"
"GAGATGGAGTCTACCA-2","GAGATGGAGTCTACCA-2","12","12","early_dev"
"GAGATGGTCGTTCTAT-2","GAGATGGTCGTTCTAT-2","12","12","early_dev"
"GAGCCTGGTTGTCTAG-2","GAGCCTGGTTGTCTAG-2","4","anterior","mid_dev"
"GAGCTGCGTAACAAGT-2","GAGCTGCGTAACAAGT-2","4","anterior","mid_dev"
"GAGTCATAGCGCCTAC-2","GAGTCATAGCGCCTAC-2","3","anterior","late_dev"
"GAGTCTAAGCTCTTCC-2","GAGTCTAAGCTCTTCC-2","8","8","8"
"GAGTCTAGTTCACCGG-2","GAGTCTAGTTCACCGG-2","12","12","early_dev"
"GAGTTGTTCAAGGTGG-2","GAGTTGTTCAAGGTGG-2","3","anterior","late_dev"
"GATAGAATCTCTCTAA-2","GATAGAATCTCTCTAA-2","1","1","mid_dev"
"GATCACACACTCACTC-2","GATCACACACTCACTC-2","6","central","late_dev"
"GATCATGCAAACTCTG-2","GATCATGCAAACTCTG-2","8","8","8"
"GATGAGGCAAATCGTC-2","GATGAGGCAAATCGTC-2","6","central","late_dev"
"GATGAGGTCTCGAACA-2","GATGAGGTCTCGAACA-2","0","central","late_dev"
"GATTCTTGTATTGACC-2","GATTCTTGTATTGACC-2","7","7","mid_dev"
"GCAACATCACAGAGAC-2","GCAACATCACAGAGAC-2","0","central","late_dev"
"GCACATATCTCATTAC-2","GCACATATCTCATTAC-2","0","central","late_dev"
"GCACGTGAGTCGGGAT-2","GCACGTGAGTCGGGAT-2","3","anterior","late_dev"
"GCAGCCACACATATCG-2","GCAGCCACACATATCG-2","1","1","mid_dev"
"GCAGTTACACAACGTT-2","GCAGTTACACAACGTT-2","4","anterior","mid_dev"
"GCATCTCGTGCTCTCT-2","GCATCTCGTGCTCTCT-2","5","anterior","late_dev"
"GCATGATTCTTTCCGG-2","GCATGATTCTTTCCGG-2","5","anterior","late_dev"
"GCCATTCCACTATCGA-2","GCCATTCCACTATCGA-2","3","anterior","late_dev"
"GCCCGAACAGTGGTGA-2","GCCCGAACAGTGGTGA-2","2","2","2"
"GCCGATGTCGCCACTT-2","GCCGATGTCGCCACTT-2","12","12","early_dev"
"GCGGATCCATGGGCAA-2","GCGGATCCATGGGCAA-2","0","central","late_dev"
"GCGTGCATCTGCCTGT-2","GCGTGCATCTGCCTGT-2","12","12","early_dev"
"GCTACCTGTGTAAACA-2","GCTACCTGTGTAAACA-2","8","8","8"
"GCTCAAAAGCTTAGTC-2","GCTCAAAAGCTTAGTC-2","0","central","late_dev"
"GCTCAAACAGGTACGA-2","GCTCAAACAGGTACGA-2","7","7","mid_dev"
"GCTCAAATCCGCCTAT-2","GCTCAAATCCGCCTAT-2","0","central","late_dev"
"GCTGCAGCATATCTCT-2","GCTGCAGCATATCTCT-2","1","1","mid_dev"
"GGAGAACGTCCCTGTT-2","GGAGAACGTCCCTGTT-2","1","1","mid_dev"
"GGATGTTAGGCGAACT-2","GGATGTTAGGCGAACT-2","4","anterior","mid_dev"
"GGCAGTCAGTGCCCGT-2","GGCAGTCAGTGCCCGT-2","4","anterior","mid_dev"
"GGCGTCAGTTCTCTCG-2","GGCGTCAGTTCTCTCG-2","1","1","mid_dev"
"GGCTGTGGTGACAACG-2","GGCTGTGGTGACAACG-2","2","2","2"
"GGCTTGGGTTTGGAAA-2","GGCTTGGGTTTGGAAA-2","7","7","mid_dev"
"GGGACCTCATCTAACG-2","GGGACCTCATCTAACG-2","8","8","8"
"GGGACTCAGGGCAATC-2","GGGACTCAGGGCAATC-2","9","anterior","late_dev"
"GGGACTCCAAGATGGC-2","GGGACTCCAAGATGGC-2","4","anterior","mid_dev"
"GGGACTCTCTTCGTAT-2","GGGACTCTCTTCGTAT-2","6","central","late_dev"
"GGGAGTAAGGTGCGAT-2","GGGAGTAAGGTGCGAT-2","12","12","early_dev"
"GGGATCCCAATCGCAT-2","GGGATCCCAATCGCAT-2","8","8","8"
"GGGCGTTGTCAGACGA-2","GGGCGTTGTCAGACGA-2","7","7","mid_dev"
"GGGCTACTCAGCTGAT-2","GGGCTACTCAGCTGAT-2","4","anterior","mid_dev"
"GGGCTCAGTTAGGACG-2","GGGCTCAGTTAGGACG-2","2","2","2"
"GGGTAGATCAAGTGGG-2","GGGTAGATCAAGTGGG-2","2","2","2"
"GGGTTATTCGGAGATG-2","GGGTTATTCGGAGATG-2","0","central","late_dev"
"GGTAACTTCGGTCTAA-2","GGTAACTTCGGTCTAA-2","4","anterior","mid_dev"
"GGTAACTTCTTGCAAG-2","GGTAACTTCTTGCAAG-2","1","1","mid_dev"
"GGTAATCAGCCGCTTG-2","GGTAATCAGCCGCTTG-2","3","anterior","late_dev"
"GGTAATCGTGCCCAGT-2","GGTAATCGTGCCCAGT-2","0","central","late_dev"
"GGTCACGTCAAGCTGT-2","GGTCACGTCAAGCTGT-2","2","2","2"
"GGTGAAGAGGGCTGAT-2","GGTGAAGAGGGCTGAT-2","9","anterior","late_dev"
"GGTGAAGCACGGCTAC-2","GGTGAAGCACGGCTAC-2","6","central","late_dev"
"GGTGAAGGTTTAGAGA-2","GGTGAAGGTTTAGAGA-2","7","7","mid_dev"
"GGTGGCTTCACTGGGC-2","GGTGGCTTCACTGGGC-2","4","anterior","mid_dev"
"GTAAGTCTCAGCTGAT-2","GTAAGTCTCAGCTGAT-2","3","anterior","late_dev"
"GTAGGAGTCACTAGCA-2","GTAGGAGTCACTAGCA-2","12","12","early_dev"
"GTAGGTTCAACGACAG-2","GTAGGTTCAACGACAG-2","7","7","mid_dev"
"GTAGGTTGTGTGCCTG-2","GTAGGTTGTGTGCCTG-2","11","11","late_dev"
"GTAGTACAGTCGCGTT-2","GTAGTACAGTCGCGTT-2","8","8","8"
"GTAGTACAGTCGCTAT-2","GTAGTACAGTCGCTAT-2","7","7","mid_dev"
"GTATTTCAGGGTCTTT-2","GTATTTCAGGGTCTTT-2","0","central","late_dev"
"GTATTTCCACGTACTA-2","GTATTTCCACGTACTA-2","1","1","mid_dev"
"GTATTTCCATCTCGTC-2","GTATTTCCATCTCGTC-2","12","12","early_dev"
"GTCACGGAGCGTCTCG-2","GTCACGGAGCGTCTCG-2","2","2","2"
"GTCACGGAGCTGGTGA-2","GTCACGGAGCTGGTGA-2","11","11","late_dev"
"GTCACTCAGGCCTTGC-2","GTCACTCAGGCCTTGC-2","8","8","8"
"GTCATGACATCCGAAT-2","GTCATGACATCCGAAT-2","6","central","late_dev"
"GTCATGAGTGGTCTAT-2","GTCATGAGTGGTCTAT-2","0","central","late_dev"
"GTCCCATTCCAACCGG-2","GTCCCATTCCAACCGG-2","7","7","mid_dev"
"GTCGCGAGTTGCGAAG-2","GTCGCGAGTTGCGAAG-2","1","1","mid_dev"
"GTCGTTCCAAGAATGT-2","GTCGTTCCAAGAATGT-2","5","anterior","late_dev"
"GTCTACCAGACGGTCA-2","GTCTACCAGACGGTCA-2","5","anterior","late_dev"
"GTCTACCTCCCAGTGG-2","GTCTACCTCCCAGTGG-2","1","1","mid_dev"
"GTCTAGAGTCACTGAT-2","GTCTAGAGTCACTGAT-2","3","anterior","late_dev"
"GTCTGTCGTACCCAGC-2","GTCTGTCGTACCCAGC-2","0","central","late_dev"
"GTCTGTCGTATAGGAT-2","GTCTGTCGTATAGGAT-2","9","anterior","late_dev"
"GTCTTTAGTTCGTAAC-2","GTCTTTAGTTCGTAAC-2","0","central","late_dev"
"GTCTTTATCGTCAACA-2","GTCTTTATCGTCAACA-2","3","anterior","late_dev"
"GTGACGCGTCAGTCTA-2","GTGACGCGTCAGTCTA-2","0","central","late_dev"
"GTGAGTTAGGAGCAAA-2","GTGAGTTAGGAGCAAA-2","1","1","mid_dev"
"GTGATGTCAAATGGAT-2","GTGATGTCAAATGGAT-2","0","central","late_dev"
"GTGCGTGAGAACGTGC-2","GTGCGTGAGAACGTGC-2","6","central","late_dev"
"GTGGAGAAGTTCTCTT-2","GTGGAGAAGTTCTCTT-2","0","central","late_dev"
"GTGTCCTCATGACTTG-2","GTGTCCTCATGACTTG-2","8","8","8"
"GTGTGGCGTCATATGC-2","GTGTGGCGTCATATGC-2","11","11","late_dev"
"GTGTTAGGTCACTCAA-2","GTGTTAGGTCACTCAA-2","4","anterior","mid_dev"
"GTGTTCCAGGTAGTAT-2","GTGTTCCAGGTAGTAT-2","12","12","early_dev"
"GTTACCCCAGAGGTAC-2","GTTACCCCAGAGGTAC-2","7","7","mid_dev"
"GTTACGACACCCTTAC-2","GTTACGACACCCTTAC-2","3","anterior","late_dev"
"GTTAGTGTCCTACCAC-2","GTTAGTGTCCTACCAC-2","6","central","late_dev"
"GTTATGGAGTGCTACT-2","GTTATGGAGTGCTACT-2","0","central","late_dev"
"GTTCATTAGGCATTTC-2","GTTCATTAGGCATTTC-2","7","7","mid_dev"
"GTTCGCTTCCATAGGT-2","GTTCGCTTCCATAGGT-2","1","1","mid_dev"
"GTTGCGGTCCCATACC-2","GTTGCGGTCCCATACC-2","0","central","late_dev"
"GTTGTCCGTGCTTCAA-2","GTTGTCCGTGCTTCAA-2","0","central","late_dev"
"GTTGTGATCTTCCCGA-2","GTTGTGATCTTCCCGA-2","8","8","8"
"TAACACGGTTCGTAAC-2","TAACACGGTTCGTAAC-2","12","12","early_dev"
"TAACGACCACTGAGGA-2","TAACGACCACTGAGGA-2","1","1","mid_dev"
"TAACGACTCTTAAGGC-2","TAACGACTCTTAAGGC-2","4","anterior","mid_dev"
"TAAGCACAGGAACGTC-2","TAAGCACAGGAACGTC-2","1","1","mid_dev"
"TAAGCACGTCTCGACG-2","TAAGCACGTCTCGACG-2","0","central","late_dev"
"TAAGCGTTCCATTTAC-2","TAAGCGTTCCATTTAC-2","4","anterior","mid_dev"
"TAAGTCGGTTGGGAAC-2","TAAGTCGGTTGGGAAC-2","0","central","late_dev"
"TAATCTCAGCGATCGA-2","TAATCTCAGCGATCGA-2","8","8","8"
"TAATTCCAGCGCTTCG-2","TAATTCCAGCGCTTCG-2","3","anterior","late_dev"
"TACCGAAAGATGAACT-2","TACCGAAAGATGAACT-2","2","2","2"
"TACCTGCCACTACCGG-2","TACCTGCCACTACCGG-2","0","central","late_dev"
"TACGGGCAGGAGAATG-2","TACGGGCAGGAGAATG-2","6","central","late_dev"
"TACGTCCAGGATACCG-2","TACGTCCAGGATACCG-2","6","central","late_dev"
"TACGTCCGTACGCTTA-2","TACGTCCGTACGCTTA-2","1","1","mid_dev"
"TACTGCCGTGAGTAGC-2","TACTGCCGTGAGTAGC-2","7","7","mid_dev"
"TACTTACGTGGATCAG-2","TACTTACGTGGATCAG-2","3","anterior","late_dev"
"TATCTGTAGCGAGTCA-2","TATCTGTAGCGAGTCA-2","7","7","mid_dev"
"TATCTTGAGAAATTCG-2","TATCTTGAGAAATTCG-2","0","central","late_dev"
"TATGTTCTCCAATGCA-2","TATGTTCTCCAATGCA-2","1","1","mid_dev"
"TATTCCAGTCGGCACT-2","TATTCCAGTCGGCACT-2","0","central","late_dev"
"TCAATCTAGTAATACG-2","TCAATCTAGTAATACG-2","8","8","8"
"TCAATTCTCGTTAGTG-2","TCAATTCTCGTTAGTG-2","8","8","8"
"TCACACCAGTCTTCGA-2","TCACACCAGTCTTCGA-2","11","11","late_dev"
"TCACTATCAGCTTTGA-2","TCACTATCAGCTTTGA-2","5","anterior","late_dev"
"TCAGCCTGTCTATGAC-2","TCAGCCTGTCTATGAC-2","2","2","2"
"TCAGCCTGTTCCAGGC-2","TCAGCCTGTTCCAGGC-2","3","anterior","late_dev"
"TCAGGGCTCCAACCGG-2","TCAGGGCTCCAACCGG-2","0","central","late_dev"
"TCATACTAGAGAGCGG-2","TCATACTAGAGAGCGG-2","6","central","late_dev"
"TCATATCCAGTGGCTC-2","TCATATCCAGTGGCTC-2","2","2","2"
"TCATCATTCGCCATAA-2","TCATCATTCGCCATAA-2","1","1","mid_dev"
"TCATGCCTCAAGTAAG-2","TCATGCCTCAAGTAAG-2","8","8","8"
"TCATTGTAGGTCCCTG-2","TCATTGTAGGTCCCTG-2","6","central","late_dev"
"TCCACCAGTACTGCCG-2","TCCACCAGTACTGCCG-2","3","anterior","late_dev"
"TCCATCGGTTTGACAC-2","TCCATCGGTTTGACAC-2","2","2","2"
"TCCGTGTCACTTACAG-2","TCCGTGTCACTTACAG-2","1","1","mid_dev"
"TCCGTGTGTTAGGACG-2","TCCGTGTGTTAGGACG-2","12","12","early_dev"
"TCCTTTCGTCGCAACC-2","TCCTTTCGTCGCAACC-2","1","1","mid_dev"
"TCGAACAGTTTCGGCG-2","TCGAACAGTTTCGGCG-2","0","central","late_dev"
"TCGATTTGTGGCTCTG-2","TCGATTTGTGGCTCTG-2","0","central","late_dev"
"TCGATTTTCGAGTACT-2","TCGATTTTCGAGTACT-2","0","central","late_dev"
"TCGCACTCAAATACAG-2","TCGCACTCAAATACAG-2","0","central","late_dev"
"TCGCAGGTCGAGCCTG-2","TCGCAGGTCGAGCCTG-2","7","7","mid_dev"
"TCGCAGGTCGTCAAAC-2","TCGCAGGTCGTCAAAC-2","1","1","mid_dev"
"TCGGGCAAGAGACAAG-2","TCGGGCAAGAGACAAG-2","0","central","late_dev"
"TCGGGTGGTTGAGTCT-2","TCGGGTGGTTGAGTCT-2","12","12","early_dev"
"TCGGTCTGTTCTCTAT-2","TCGGTCTGTTCTCTAT-2","0","central","late_dev"
"TCGTAGAAGTAAACAC-2","TCGTAGAAGTAAACAC-2","4","anterior","mid_dev"
"TCGTAGAGTTCGTACA-2","TCGTAGAGTTCGTACA-2","6","central","late_dev"
"TCGTCCAGTCAGGAGT-2","TCGTCCAGTCAGGAGT-2","5","anterior","late_dev"
"TCTAACTAGCTTAGTC-2","TCTAACTAGCTTAGTC-2","1","1","mid_dev"
"TCTACCGAGTGGTTAA-2","TCTACCGAGTGGTTAA-2","2","2","2"
"TCTATACAGTTGAATG-2","TCTATACAGTTGAATG-2","5","anterior","late_dev"
"TCTATCATCGATTTCT-2","TCTATCATCGATTTCT-2","1","1","mid_dev"
"TCTGCCAGTGGGTATG-2","TCTGCCAGTGGGTATG-2","3","anterior","late_dev"
"TCTTAGTTCGGTAAGG-2","TCTTAGTTCGGTAAGG-2","1","1","mid_dev"
"TCTTCCTTCAAGTCTG-2","TCTTCCTTCAAGTCTG-2","0","central","late_dev"
"TCTTTGACATATGGCT-2","TCTTTGACATATGGCT-2","0","central","late_dev"
"TGAATCGCAATGCAAA-2","TGAATCGCAATGCAAA-2","7","7","mid_dev"
"TGAATCGCAGTCAGTT-2","TGAATCGCAGTCAGTT-2","7","7","mid_dev"
"TGAATGCGTTTGCAGT-2","TGAATGCGTTTGCAGT-2","0","central","late_dev"
"TGACAGTAGACTGAGC-2","TGACAGTAGACTGAGC-2","10","posterior","late_dev"
"TGACTCCTCATTCTTG-2","TGACTCCTCATTCTTG-2","3","anterior","late_dev"
"TGAGCATAGATTGTGA-2","TGAGCATAGATTGTGA-2","6","central","late_dev"
"TGAGCATCACAACGTT-2","TGAGCATCACAACGTT-2","1","1","mid_dev"
"TGAGCGCAGTAACAGT-2","TGAGCGCAGTAACAGT-2","2","2","2"
"TGAGCGCCAATAGGAT-2","TGAGCGCCAATAGGAT-2","0","central","late_dev"
"TGAGGAGCACTTCAGA-2","TGAGGAGCACTTCAGA-2","1","1","mid_dev"
"TGATCAGCACGCGCTA-2","TGATCAGCACGCGCTA-2","11","11","late_dev"
"TGCATCCGTACCTATG-2","TGCATCCGTACCTATG-2","11","11","late_dev"
"TGCGGCAGTGCATGTT-2","TGCGGCAGTGCATGTT-2","8","8","8"
"TGCTGAAGTGGAAATT-2","TGCTGAAGTGGAAATT-2","2","2","2"
"TGCTTCGTCCTCGATC-2","TGCTTCGTCCTCGATC-2","0","central","late_dev"
"TGGCGTGGTTGCTCCT-2","TGGCGTGGTTGCTCCT-2","12","12","early_dev"
"TGGGAGACATGCCGGT-2","TGGGAGACATGCCGGT-2","0","central","late_dev"
"TGGTAGTTCGCATAGT-2","TGGTAGTTCGCATAGT-2","4","anterior","mid_dev"
"TGTAACGAGGTAGGCT-2","TGTAACGAGGTAGGCT-2","8","8","8"
"TGTACAGAGCCAGACA-2","TGTACAGAGCCAGACA-2","3","anterior","late_dev"
"TGTACAGGTGAGCAGT-2","TGTACAGGTGAGCAGT-2","6","central","late_dev"
"TGTCCACTCCTGGTCT-2","TGTCCACTCCTGGTCT-2","0","central","late_dev"
"TGTGAGTGTGGACAGT-2","TGTGAGTGTGGACAGT-2","1","1","mid_dev"
"TGTGTGAAGGGATCTG-2","TGTGTGAAGGGATCTG-2","0","central","late_dev"
"TGTTACTCAGATACTC-2","TGTTACTCAGATACTC-2","4","anterior","mid_dev"
"TGTTCTATCCACGTGG-2","TGTTCTATCCACGTGG-2","7","7","mid_dev"
"TTACAGGCAACTTCTT-2","TTACAGGCAACTTCTT-2","6","central","late_dev"
"TTACCGCAGCCGTCGT-2","TTACCGCAGCCGTCGT-2","0","central","late_dev"
"TTACCGCCAAAGTGTA-2","TTACCGCCAAAGTGTA-2","5","anterior","late_dev"
"TTAGGCAAGATAGGGA-2","TTAGGCAAGATAGGGA-2","10","posterior","late_dev"
"TTAGGGTGTAGCTTGT-2","TTAGGGTGTAGCTTGT-2","0","central","late_dev"
"TTAGGGTTCACGGAGA-2","TTAGGGTTCACGGAGA-2","0","central","late_dev"
"TTAGGGTTCCCAGGCA-2","TTAGGGTTCCCAGGCA-2","0","central","late_dev"
"TTATTGCGTTGAATCC-2","TTATTGCGTTGAATCC-2","6","central","late_dev"
"TTATTGCTCATTCTTG-2","TTATTGCTCATTCTTG-2","7","7","mid_dev"
"TTCACCGGTACAAACA-2","TTCACCGGTACAAACA-2","11","11","late_dev"
"TTCAGGACAGTACTAC-2","TTCAGGACAGTACTAC-2","10","posterior","late_dev"
"TTCATGTGTGAGCGAT-2","TTCATGTGTGAGCGAT-2","5","anterior","late_dev"
"TTCATGTGTTTCGCTC-2","TTCATGTGTTTCGCTC-2","3","anterior","late_dev"
"TTCATTGAGAGGTATT-2","TTCATTGAGAGGTATT-2","3","anterior","late_dev"
"TTCCAATCACATCATG-2","TTCCAATCACATCATG-2","2","2","2"
"TTCCAATTCGAGAACG-2","TTCCAATTCGAGAACG-2","1","1","mid_dev"
"TTCCACGTCGGATAAA-2","TTCCACGTCGGATAAA-2","10","posterior","late_dev"
"TTCCTTCGTAGGTGCA-2","TTCCTTCGTAGGTGCA-2","12","12","early_dev"
"TTCCTTCGTCTACGTA-2","TTCCTTCGTCTACGTA-2","0","central","late_dev"
"TTCGATTTCAGAGTGG-2","TTCGATTTCAGAGTGG-2","0","central","late_dev"
"TTCGGTCTCATTGAGC-2","TTCGGTCTCATTGAGC-2","1","1","mid_dev"
"TTCTAGTGTCGGCACT-2","TTCTAGTGTCGGCACT-2","1","1","mid_dev"
"TTGAACGCAATCGCAT-2","TTGAACGCAATCGCAT-2","12","12","early_dev"
"TTGACCCGTCATAGTC-2","TTGACCCGTCATAGTC-2","5","anterior","late_dev"
"TTGACCCTCATTATCC-2","TTGACCCTCATTATCC-2","3","anterior","late_dev"
"TTGCCTGAGTCCCAAT-2","TTGCCTGAGTCCCAAT-2","2","2","2"
"TTGCGTCAGATACGAT-2","TTGCGTCAGATACGAT-2","7","7","mid_dev"
"TTGGGATTCGTTTACT-2","TTGGGATTCGTTTACT-2","1","1","mid_dev"
"TTGGGCGGTACTCGCG-2","TTGGGCGGTACTCGCG-2","0","central","late_dev"
"TTGGGCGGTCCCACGA-2","TTGGGCGGTCCCACGA-2","1","1","mid_dev"
"TTGGGTACAGTCGAGA-2","TTGGGTACAGTCGAGA-2","12","12","early_dev"
"TTGGGTATCCATCGTC-2","TTGGGTATCCATCGTC-2","0","central","late_dev"
"TTGGTTTCATATACCG-2","TTGGTTTCATATACCG-2","0","central","late_dev"
"TTGTTGTAGCCAACCC-2","TTGTTGTAGCCAACCC-2","8","8","8"
"TTGTTTGGTGGCTGCT-2","TTGTTTGGTGGCTGCT-2","4","anterior","mid_dev"
"TTTACGTAGTTTGGCT-2","TTTACGTAGTTTGGCT-2","1","1","mid_dev"
"TTTAGTCGTCTCGACG-2","TTTAGTCGTCTCGACG-2","7","7","mid_dev"
"TTTATGCCACCTGCAG-2","TTTATGCCACCTGCAG-2","2","2","2"
"TTTCACAGTAAGTTGA-2","TTTCACAGTAAGTTGA-2","8","8","8"
"TTTCATGAGACCACGA-2","TTTCATGAGACCACGA-2","12","12","early_dev"
"TTTCGATGTTCGTACA-2","TTTCGATGTTCGTACA-2","1","1","mid_dev"
"TTTGATCTCCTCTCGA-2","TTTGATCTCCTCTCGA-2","5","anterior","late_dev"
"TTTGGAGCACGTCGTG-2","TTTGGAGCACGTCGTG-2","3","anterior","late_dev"
"TTTGTTGTCAAATGCC-2","TTTGTTGTCAAATGCC-2","5","anterior","late_dev"
"ATACCGAGTCTTGAGT-3","ATACCGAGTCTTGAGT-3","2","2","2"
"ATGGATCTCATGACAC-3","ATGGATCTCATGACAC-3","2","2","2"
"CACATGAGTATGCAAA-3","CACATGAGTATGCAAA-3","2","2","2"
"CCTCCTCTCTCGGTCT-3","CCTCCTCTCTCGGTCT-3","2","2","2"
"CTCAGAAGTGTCGCTG-3","CTCAGAAGTGTCGCTG-3","2","2","2"
"GAGTGTTAGGTCATTC-3","GAGTGTTAGGTCATTC-3","2","2","2"
"GCTGAATTCATGCAGT-3","GCTGAATTCATGCAGT-3","11","11","late_dev"
"TGCGGGTCAAGCGAGT-3","TGCGGGTCAAGCGAGT-3","1","1","mid_dev"
"AAACCCAGTATGAGAT-4","AAACCCAGTATGAGAT-4","2","2","2"
"AAAGGATTCTTTGATC-4","AAAGGATTCTTTGATC-4","7","7","mid_dev"
"AAAGGGCTCTCTGGTC-4","AAAGGGCTCTCTGGTC-4","7","7","mid_dev"
"AAAGTGATCTTCCAGC-4","AAAGTGATCTTCCAGC-4","7","7","mid_dev"
"AACAACCCACTACACA-4","AACAACCCACTACACA-4","2","2","2"
"AACAGGGTCCCAGTGG-4","AACAGGGTCCCAGTGG-4","7","7","mid_dev"
"AAGTTCGTCCGTACGG-4","AAGTTCGTCCGTACGG-4","7","7","mid_dev"
"AATGCCAGTTCGTAAC-4","AATGCCAGTTCGTAAC-4","1","1","mid_dev"
"ACAAGCTCAAGCCATT-4","ACAAGCTCAAGCCATT-4","2","2","2"
"ACATCCCCACCTGAAT-4","ACATCCCCACCTGAAT-4","2","2","2"
"ACCCAAATCAACTTTC-4","ACCCAAATCAACTTTC-4","2","2","2"
"ACCTGAACAGCTACAT-4","ACCTGAACAGCTACAT-4","8","8","8"
"ACGATGTGTCATTGCA-4","ACGATGTGTCATTGCA-4","1","1","mid_dev"
"ACGGTTAGTTAAGCAA-4","ACGGTTAGTTAAGCAA-4","1","1","mid_dev"
"ACGTCCTAGCCTTTCC-4","ACGTCCTAGCCTTTCC-4","7","7","mid_dev"
"ACGTCCTCACCTCTGT-4","ACGTCCTCACCTCTGT-4","2","2","2"
"ACGTCCTTCGCGGTAC-4","ACGTCCTTCGCGGTAC-4","1","1","mid_dev"
"ACTCCCAAGGTTCCGC-4","ACTCCCAAGGTTCCGC-4","1","1","mid_dev"
"ACTGATGGTTCCAAAC-4","ACTGATGGTTCCAAAC-4","2","2","2"
"ACTGTGAAGACGCCCT-4","ACTGTGAAGACGCCCT-4","1","1","mid_dev"
"ACTTCGCAGTACAACA-4","ACTTCGCAGTACAACA-4","2","2","2"
"AGATGAAAGTTAGTAG-4","AGATGAAAGTTAGTAG-4","11","11","late_dev"
"AGATGCTGTATGCTTG-4","AGATGCTGTATGCTTG-4","2","2","2"
"AGGTGTTGTCCTATAG-4","AGGTGTTGTCCTATAG-4","7","7","mid_dev"
"AGGTTACAGGGACAGG-4","AGGTTACAGGGACAGG-4","7","7","mid_dev"
"AGTGTTGTCCTGGCTT-4","AGTGTTGTCCTGGCTT-4","1","1","mid_dev"
"ATGATCGCATCGAACT-4","ATGATCGCATCGAACT-4","2","2","2"
"ATGTCCCTCCCTGTTG-4","ATGTCCCTCCCTGTTG-4","2","2","2"
"ATTCACTAGACGCAGT-4","ATTCACTAGACGCAGT-4","2","2","2"
"ATTGTTCAGACCTCAT-4","ATTGTTCAGACCTCAT-4","2","2","2"
"ATTTACCTCTACTATC-4","ATTTACCTCTACTATC-4","7","7","mid_dev"
"ATTTCTGTCATCCTAT-4","ATTTCTGTCATCCTAT-4","2","2","2"
"CAAGACTTCCGTACGG-4","CAAGACTTCCGTACGG-4","12","12","early_dev"
"CACACAAAGGAGATAG-4","CACACAAAGGAGATAG-4","7","7","mid_dev"
"CACATGACAGGACAGT-4","CACATGACAGGACAGT-4","7","7","mid_dev"
"CAGATCACAGATTTCG-4","CAGATCACAGATTTCG-4","2","2","2"
"CAGTGCGAGAAATTCG-4","CAGTGCGAGAAATTCG-4","2","2","2"
"CAGTTCCGTTCATCGA-4","CAGTTCCGTTCATCGA-4","1","1","mid_dev"
"CATACTTAGGATATGT-4","CATACTTAGGATATGT-4","6","central","late_dev"
"CATGGATGTCACAATC-4","CATGGATGTCACAATC-4","1","1","mid_dev"
"CATTGAGTCTAGACCA-4","CATTGAGTCTAGACCA-4","2","2","2"
"CCACAAAGTAACATCC-4","CCACAAAGTAACATCC-4","2","2","2"
"CCACAAAGTGGATCGA-4","CCACAAAGTGGATCGA-4","2","2","2"
"CCACACTGTTCTCAGA-4","CCACACTGTTCTCAGA-4","1","1","mid_dev"
"CCATCACCACTTCAAG-4","CCATCACCACTTCAAG-4","1","1","mid_dev"
"CCCTTAGGTCCTCATC-4","CCCTTAGGTCCTCATC-4","2","2","2"
"CCGCAAGAGCACGGAT-4","CCGCAAGAGCACGGAT-4","2","2","2"
"CCGGGTAAGCCTCTTC-4","CCGGGTAAGCCTCTTC-4","8","8","8"
"CCGTAGGTCCCAGGAC-4","CCGTAGGTCCCAGGAC-4","8","8","8"
"CCTCTAGAGTGGTCAG-4","CCTCTAGAGTGGTCAG-4","1","1","mid_dev"
"CCTCTCCCAAACGTGG-4","CCTCTCCCAAACGTGG-4","2","2","2"
"CCTTGTGGTAACGCGA-4","CCTTGTGGTAACGCGA-4","8","8","8"
"CGATGCGTCGGTCACG-4","CGATGCGTCGGTCACG-4","7","7","mid_dev"
"CGGCAGTAGCTCGCAC-4","CGGCAGTAGCTCGCAC-4","0","central","late_dev"
"CGGGACTGTGAGGAAA-4","CGGGACTGTGAGGAAA-4","1","1","mid_dev"
"CGTAAGTTCATGCCCT-4","CGTAAGTTCATGCCCT-4","2","2","2"
"CGTAATGCATATCGGT-4","CGTAATGCATATCGGT-4","2","2","2"
"CGTAGTATCTGGGCAC-4","CGTAGTATCTGGGCAC-4","2","2","2"
"CTACCCACAACTCATG-4","CTACCCACAACTCATG-4","2","2","2"
"CTAGACATCCCAGTGG-4","CTAGACATCCCAGTGG-4","2","2","2"
"CTCATTAGTGTTCCTC-4","CTCATTAGTGTTCCTC-4","2","2","2"
"CTCCACATCTCATAGG-4","CTCCACATCTCATAGG-4","2","2","2"
"CTCCATGGTGTTACAC-4","CTCCATGGTGTTACAC-4","2","2","2"
"CTGTAGATCCCGATCT-4","CTGTAGATCCCGATCT-4","0","central","late_dev"
"CTTACCGTCGGTCATA-4","CTTACCGTCGGTCATA-4","2","2","2"
"GAACACTGTCTCCCTA-4","GAACACTGTCTCCCTA-4","1","1","mid_dev"
"GAAGAATGTGCCGGTT-4","GAAGAATGTGCCGGTT-4","1","1","mid_dev"
"GAAGCCCGTTGAGTCT-4","GAAGCCCGTTGAGTCT-4","2","2","2"
"GACAGCCAGTCACGCC-4","GACAGCCAGTCACGCC-4","1","1","mid_dev"
"GACCAATCACGTAGTT-4","GACCAATCACGTAGTT-4","2","2","2"
"GACCGTGTCTAACGGT-4","GACCGTGTCTAACGGT-4","1","1","mid_dev"
"GACTCTCCAACGGGTA-4","GACTCTCCAACGGGTA-4","2","2","2"
"GACTGATAGAAAGCGA-4","GACTGATAGAAAGCGA-4","1","1","mid_dev"
"GAGCCTGAGTAAGGGA-4","GAGCCTGAGTAAGGGA-4","2","2","2"
"GAGCTGCCAACAAGTA-4","GAGCTGCCAACAAGTA-4","1","1","mid_dev"
"GAGGGATAGAAAGTCT-4","GAGGGATAGAAAGTCT-4","2","2","2"
"GATAGCTGTTGGACCC-4","GATAGCTGTTGGACCC-4","1","1","mid_dev"
"GCCATTCGTTCACCGG-4","GCCATTCGTTCACCGG-4","2","2","2"
"GGAATCTAGCTCTTCC-4","GGAATCTAGCTCTTCC-4","7","7","mid_dev"
"GGGACCTTCAACGTGT-4","GGGACCTTCAACGTGT-4","2","2","2"
"GGGCTCATCGAATGCT-4","GGGCTCATCGAATGCT-4","7","7","mid_dev"
"GGGTAGAGTAGTTAGA-4","GGGTAGAGTAGTTAGA-4","2","2","2"
"GGTAACTGTCGCGTTG-4","GGTAACTGTCGCGTTG-4","2","2","2"
"GGTTAACTCACCTCGT-4","GGTTAACTCACCTCGT-4","2","2","2"
"GGTTGTACATGATGCT-4","GGTTGTACATGATGCT-4","1","1","mid_dev"
"GTAACACCATGTCGTA-4","GTAACACCATGTCGTA-4","7","7","mid_dev"
"GTAGGTTGTTCAAACC-4","GTAGGTTGTTCAAACC-4","2","2","2"
"GTCTGTCTCGTCAACA-4","GTCTGTCTCGTCAACA-4","7","7","mid_dev"
"GTGCAGCCAACTCGAT-4","GTGCAGCCAACTCGAT-4","2","2","2"
"GTGTTAGTCAGGGATG-4","GTGTTAGTCAGGGATG-4","1","1","mid_dev"
"GTTCATTAGAGTCGAC-4","GTTCATTAGAGTCGAC-4","8","8","8"
"GTTGTCCTCTACCAGA-4","GTTGTCCTCTACCAGA-4","10","posterior","late_dev"
"TAACGACGTACGTTCA-4","TAACGACGTACGTTCA-4","1","1","mid_dev"
"TAAGCACAGTCTGGTT-4","TAAGCACAGTCTGGTT-4","1","1","mid_dev"
"TACCGGGAGGAAGTGA-4","TACCGGGAGGAAGTGA-4","1","1","mid_dev"
"TACTTGTTCCTGCTAC-4","TACTTGTTCCTGCTAC-4","7","7","mid_dev"
"TAGACTGTCCGCAACG-4","TAGACTGTCCGCAACG-4","2","2","2"
"TAGATCGCACAAAGTA-4","TAGATCGCACAAAGTA-4","7","7","mid_dev"
"TAGGGTTTCTCCGAAA-4","TAGGGTTTCTCCGAAA-4","12","12","early_dev"
"TATTGGGTCACGACTA-4","TATTGGGTCACGACTA-4","0","central","late_dev"
"TCAAGACGTGCGGCTT-4","TCAAGACGTGCGGCTT-4","2","2","2"
"TCAGGTATCCTGATAG-4","TCAGGTATCCTGATAG-4","7","7","mid_dev"
"TCATATCAGTCAGCCC-4","TCATATCAGTCAGCCC-4","2","2","2"
"TCATATCTCACTTCTA-4","TCATATCTCACTTCTA-4","1","1","mid_dev"
"TCATGGAGTTCCACAA-4","TCATGGAGTTCCACAA-4","7","7","mid_dev"
"TCATGGATCGCCTAGG-4","TCATGGATCGCCTAGG-4","2","2","2"
"TCATTTGTCTCGACGG-4","TCATTTGTCTCGACGG-4","1","1","mid_dev"
"TCGAACAAGTTGTAGA-4","TCGAACAAGTTGTAGA-4","2","2","2"
"TCGATTTCACAGTCGC-4","TCGATTTCACAGTCGC-4","12","12","early_dev"
"TCGTCCACAAATGGTA-4","TCGTCCACAAATGGTA-4","2","2","2"
"TCTCAGCCAAAGGAGA-4","TCTCAGCCAAAGGAGA-4","8","8","8"
"TCTTCCTGTAATCAGA-4","TCTTCCTGTAATCAGA-4","2","2","2"
"TCTTTGAGTGTTACTG-4","TCTTTGAGTGTTACTG-4","10","posterior","late_dev"
"TGACAGTAGTTAACAG-4","TGACAGTAGTTAACAG-4","1","1","mid_dev"
"TGACAGTTCACTGTTT-4","TGACAGTTCACTGTTT-4","2","2","2"
"TGAGACTGTGGACTAG-4","TGAGACTGTGGACTAG-4","1","1","mid_dev"
"TGAGGAGGTACTCAAC-4","TGAGGAGGTACTCAAC-4","7","7","mid_dev"
"TGATGGTTCAGTGATC-4","TGATGGTTCAGTGATC-4","1","1","mid_dev"
"TGCAGGCTCGCGTGCA-4","TGCAGGCTCGCGTGCA-4","7","7","mid_dev"
"TGCATGAAGCATACTC-4","TGCATGAAGCATACTC-4","8","8","8"
"TGCGATAGTAGTCTGT-4","TGCGATAGTAGTCTGT-4","2","2","2"
"TGTGATGCATCGGATT-4","TGTGATGCATCGGATT-4","12","12","early_dev"
"TTACTGTAGGATTTGA-4","TTACTGTAGGATTTGA-4","2","2","2"
"TTCACGCGTAGGTTTC-4","TTCACGCGTAGGTTTC-4","1","1","mid_dev"
"TTCCGGTCATAGAGGC-4","TTCCGGTCATAGAGGC-4","7","7","mid_dev"
"TTCTAGTAGCGGGTTA-4","TTCTAGTAGCGGGTTA-4","1","1","mid_dev"
"TTGTTTGCAGATGCGA-4","TTGTTTGCAGATGCGA-4","12","12","early_dev"
"TTTACCAAGGCTGAAC-4","TTTACCAAGGCTGAAC-4","1","1","mid_dev"
"TTTCATGGTGCTGATT-4","TTTCATGGTGCTGATT-4","2","2","2"
